State_Abrvtn,Pltfrm,Metal_Lvl,Enrlmt_Stus,Cnsmr,Avg_Prm,Avg_Prm_Aftr_APTC,Cnsmr_Prm_Aftr_APTC_LTEQ10,Cnsmr_Wth_APTC_CSR,CSR_Cnsmr,CSR_Cnsmr_73,CSR_Cnsmr_87,CSR_Cnsmr_94,CSR_Cnsmr_AIAN,APTC_Cnsmr,APTC_Cnsmr_Avg_APTC,APTC_Cnsmr_Avg_Prm_Aftr_APTC,Age_0_17,Age_18_25,Age_26_34,Age_35_44,Age_45_54,Age_55_64,Age_GE65,Male,Female,Hspnc_Yes,AIAN_NonHspnc,ASN_NonHspnc,NHPI_NonHspnc,BLACK_NonHspnc,WHT_NonHspnc,Othr_Race_NonHspnc,Mlt_Race_NonHspnc,Unk_Race_NonHspnc,AIAN,ASN,NHPI,BLACK,WHT,Othr_Race,Mlt_Race,Unk_Race,Hspnc_No,Unk_Ethncty,Rrl,Non_Rrl,Ctstrphc,Brnz,Slvr,Gld,Pltnm,FPL_LT100,FPL_100_138,FPL_100_150,FPL_150_200,FPL_200_250,FPL_250_300,FPL_300_400,FPL_400_500,FPL_GT500,FPL_OTHR
AK,HC.gov,B,All,"11,197",$777 ,$249 ,0.32,0.79,0.1,0,0,0,0.1,0.78,$680 ,$102 ,0.18,0.07,0.15,0.19,0.17,0.24,0.01,0.49,0.51,0.04,0.09,0.05,0,0.01,0.6,0.01,0.04,0.16,0.09,0.05,0,0.01,0.62,0.01,0.05,0.17,0.83,0.13,0.5,0.5,N/A,N/A,N/A,N/A,N/A,0,0.01,0.02,0.06,0.11,0.14,0.26,0.11,0.19,0.11
AK,HC.gov,S,All,"3,721","$1,181 ",$113 ,0.33,0.97,0.95,0.04,0.5,0.42,0,0.97,"$1,102 ",$82 ,0.08,0.09,0.21,0.21,0.16,0.22,0.03,0.45,0.55,0.07,0.01,0.08,0.01,0.02,0.57,0.01,0.03,0.21,0.01,0.08,0.01,0.02,0.6,0.02,0.04,0.23,0.78,0.15,0.49,0.51,N/A,N/A,N/A,N/A,N/A,0.04,0.19,0.39,0.5,0.04,0.01,0.01,0,0,0
AK,HC.gov,G,All,"12,546","$1,074 ",$246 ,0.17,0.89,0.01,0,0,0,0.01,0.89,$932 ,$150 ,0.16,0.06,0.16,0.18,0.17,0.25,0.01,0.48,0.52,0.06,0.01,0.06,0,0.01,0.63,0.01,0.04,0.18,0.01,0.06,0,0.01,0.65,0.02,0.04,0.21,0.8,0.14,0.5,0.5,N/A,N/A,N/A,N/A,N/A,0.01,0.03,0.05,0.14,0.27,0.17,0.16,0.06,0.09,0.06
AL,HC.gov,B,All,"90,440",$579 ,$63 ,0.72,0.94,0.01,0,0,0,0.01,0.94,$551 ,$33 ,0.04,0.09,0.18,0.22,0.23,0.23,0,0.5,0.5,0.02,0.01,0.02,0,0.08,0.3,0,0.01,0.56,0.01,0.02,0,0.08,0.31,0.01,0.01,0.56,0.57,0.41,0.29,0.71,N/A,N/A,N/A,N/A,N/A,0.02,0.26,0.3,0.2,0.18,0.09,0.11,0.04,0.04,0.02
AL,HC.gov,S,All,"283,062",$741 ,$62 ,0.5,0.98,0.92,0.06,0.16,0.71,0,0.98,$692 ,$50 ,0.03,0.11,0.18,0.22,0.23,0.23,0.01,0.44,0.56,0.02,0,0.03,0,0.13,0.32,0,0.01,0.48,0,0.03,0,0.13,0.33,0.01,0.01,0.49,0.62,0.36,0.33,0.67,N/A,N/A,N/A,N/A,N/A,0.01,0.6,0.71,0.16,0.06,0.02,0.02,0.01,0.01,0
AL,HC.gov,G,All,"10,672",$911 ,$476 ,0,0.83,0,0,0,0,0,0.83,$522 ,$418 ,0.09,0.09,0.21,0.21,0.19,0.2,0,0.46,0.54,0.03,0,0.03,0,0.08,0.68,0,0.02,0.15,0,0.03,0,0.08,0.7,0.01,0.02,0.16,0.87,0.1,0.31,0.69,N/A,N/A,N/A,N/A,N/A,0.04,0.04,0.06,0.08,0.24,0.15,0.21,0.08,0.1,0.05
AR,HC.gov,B,All,"37,722",$525 ,$164 ,0.24,0.85,0.03,0,0,0,0.03,0.85,$423 ,$112 ,0.14,0.08,0.13,0.16,0.18,0.29,0,0.48,0.52,0.03,0.02,0.02,0,0.04,0.46,0,0.02,0.42,0.02,0.02,0,0.04,0.47,0.01,0.02,0.43,0.72,0.25,0.37,0.63,N/A,N/A,N/A,N/A,N/A,0.01,0.02,0.05,0.16,0.23,0.16,0.17,0.07,0.09,0.07
AR,HC.gov,S,All,"112,935",$561 ,$84 ,0.39,0.96,0.87,0.1,0.27,0.48,0,0.96,$497 ,$64 ,0.11,0.11,0.16,0.19,0.2,0.22,0.01,0.44,0.56,0.04,0,0.02,0,0.05,0.34,0,0.01,0.54,0,0.02,0,0.05,0.35,0.01,0.01,0.56,0.64,0.32,0.41,0.59,N/A,N/A,N/A,N/A,N/A,0,0.14,0.49,0.28,0.11,0.04,0.04,0.01,0.02,0.02
AR,HC.gov,G,All,"5,950",$656 ,$410 ,0,0.7,0,0,0,0,0,0.7,$350 ,$321 ,0.2,0.08,0.17,0.19,0.17,0.2,0,0.44,0.56,0.03,0,0.02,0,0.04,0.63,0,0.02,0.25,0,0.02,0,0.04,0.65,0.01,0.02,0.26,0.83,0.14,0.36,0.64,N/A,N/A,N/A,N/A,N/A,0.01,0,0.01,0.04,0.24,0.18,0.17,0.09,0.13,0.14
AZ,HC.gov,B,All,"128,534",$480 ,$121 ,0.47,0.85,0.01,0,0,0,0.01,0.85,$421 ,$69 ,0.13,0.08,0.13,0.17,0.19,0.29,0.01,0.5,0.5,0.1,0.01,0.03,0,0.01,0.29,0,0.01,0.53,0.01,0.03,0,0.02,0.34,0.02,0.02,0.57,0.5,0.39,0.11,0.89,N/A,N/A,N/A,N/A,N/A,0,0.04,0.16,0.19,0.19,0.12,0.14,0.06,0.08,0.07
AZ,HC.gov,S,All,"201,802",$541 ,$93 ,0.44,0.94,0.83,0.12,0.24,0.47,0,0.94,$478 ,$64 ,0.13,0.1,0.14,0.17,0.19,0.26,0.01,0.47,0.53,0.13,0,0.05,0,0.02,0.25,0,0.01,0.54,0,0.05,0,0.02,0.31,0.02,0.01,0.59,0.49,0.39,0.1,0.9,N/A,N/A,N/A,N/A,N/A,0.01,0.11,0.46,0.25,0.12,0.05,0.04,0.02,0.03,0.03
AZ,HC.gov,G,All,"17,461",$628 ,$435 ,0,0.62,0,0,0,0,0,0.62,$312 ,$329 ,0.19,0.08,0.16,0.18,0.17,0.23,0,0.47,0.53,0.15,0,0.05,0,0.02,0.49,0.01,0.03,0.25,0,0.05,0,0.02,0.57,0.03,0.03,0.29,0.7,0.15,0.04,0.96,N/A,N/A,N/A,N/A,N/A,0,0,0.01,0.04,0.2,0.16,0.17,0.09,0.15,0.19
CA,SBM,B,All,"460,034",NR,NR,NR,NR,NR,NR,NR,NR,NR,NR,NR,NR,0.1,0.08,0.18,0.17,0.18,0.27,0.01,NR,NR,NR,NR,NR,NR,NR,NR,NR,NR,NR,NR,NR,NR,NR,NR,NR,NR,NR,NR,NR,NR,NR,N/A,N/A,N/A,N/A,N/A,0.01,0.03,0.05,0.13,0.17,0.18,0.2,0.09,0.11,0.07
CA,SBM,S,All,"1,079,327",NR,NR,NR,NR,NR,NR,NR,NR,NR,NR,NR,NR,0.05,0.09,0.17,0.16,0.2,0.31,0.02,NR,NR,NR,NR,NR,NR,NR,NR,NR,NR,NR,NR,NR,NR,NR,NR,NR,NR,NR,NR,NR,NR,NR,N/A,N/A,N/A,N/A,N/A,0.01,0.07,0.23,0.34,0.16,0.09,0.08,0.03,0.04,0.03
CA,SBM,G,All,"159,969",NR,NR,NR,NR,NR,NR,NR,NR,NR,NR,NR,NR,0.16,0.07,0.15,0.18,0.18,0.25,0.01,NR,NR,NR,NR,NR,NR,NR,NR,NR,NR,NR,NR,NR,NR,NR,NR,NR,NR,NR,NR,NR,NR,NR,N/A,N/A,N/A,N/A,N/A,0.01,0.01,0.02,0.04,0.17,0.21,0.21,0.09,0.14,0.1
CO,SBM,B,All,"96,052",NR,NR,NR,NR,NR,NR,NR,NR,NR,NR,NR,NR,0.14,0.08,0.12,0.16,0.17,0.28,0.05,NR,NR,NR,NR,NR,NR,NR,NR,NR,NR,NR,NR,NR,NR,NR,NR,NR,NR,NR,NR,NR,NR,NR,N/A,N/A,N/A,N/A,N/A,0,0,0.01,0.04,0.08,0.15,0.21,0.11,0.17,0.22
CO,SBM,S,All,"73,920",NR,NR,NR,NR,NR,NR,NR,NR,NR,NR,NR,NR,0.04,0.08,0.2,0.17,0.16,0.27,0.07,NR,NR,NR,NR,NR,NR,NR,NR,NR,NR,NR,NR,NR,NR,NR,NR,NR,NR,NR,NR,NR,NR,NR,N/A,N/A,N/A,N/A,N/A,0.03,0.05,0.18,0.4,0.24,0.03,0.03,0.01,0.02,0.06
CO,SBM,G,All,"65,197",NR,NR,NR,NR,NR,NR,NR,NR,NR,NR,NR,NR,0.17,0.07,0.15,0.18,0.16,0.23,0.03,NR,NR,NR,NR,NR,NR,NR,NR,NR,NR,NR,NR,NR,NR,NR,NR,NR,NR,NR,NR,NR,NR,NR,N/A,N/A,N/A,N/A,N/A,0,0,0.01,0.04,0.09,0.19,0.2,0.1,0.15,0.21
CT,SBM,B,All,"35,648",NR,NR,NR,NR,NR,NR,NR,NR,NR,NR,NR,NR,0.1,0.08,0.11,0.14,0.18,0.38,0.01,NR,NR,NR,NR,NR,NR,NR,NR,NR,NR,NR,NR,NR,NR,NR,NR,NR,NR,NR,NR,NR,NR,NR,N/A,N/A,N/A,N/A,N/A,0,0,0,0.02,0.09,0.13,0.23,0.12,0.22,0.19
CT,SBM,S,All,"69,287",NR,NR,NR,NR,NR,NR,NR,NR,NR,NR,NR,NR,0.04,0.13,0.14,0.14,0.19,0.34,0.03,NR,NR,NR,NR,NR,NR,NR,NR,NR,NR,NR,NR,NR,NR,NR,NR,NR,NR,NR,NR,NR,NR,NR,N/A,N/A,N/A,N/A,N/A,0.04,0.12,0.18,0.29,0.17,0.07,0.09,0.04,0.06,0.04
CT,SBM,G,All,"22,489",NR,NR,NR,NR,NR,NR,NR,NR,NR,NR,NR,NR,0.12,0.08,0.14,0.16,0.18,0.32,0,NR,NR,NR,NR,NR,NR,NR,NR,NR,NR,NR,NR,NR,NR,NR,NR,NR,NR,NR,NR,NR,NR,NR,N/A,N/A,N/A,N/A,N/A,0,0,0.01,0.03,0.12,0.14,0.2,0.12,0.19,0.19
DC,SBM,B,All,"4,565",NR,NR,NR,NR,NR,NR,NR,NR,NR,NR,NR,NR,0.11,0.05,0.24,0.22,0.18,0.19,0.02,NR,NR,NR,NR,NR,NR,NR,NR,NR,NR,NR,NR,NR,NR,NR,NR,NR,NR,NR,NR,NR,NR,NR,N/A,N/A,N/A,N/A,N/A,0.03,0.01,0.01,0.01,0.04,0.04,0.07,0.05,0.04,0.71
DC,SBM,S,All,"3,207",NR,NR,NR,NR,NR,NR,NR,NR,NR,NR,NR,NR,0.08,0.06,0.23,0.25,0.17,0.19,0.03,NR,NR,NR,NR,NR,NR,NR,NR,NR,NR,NR,NR,NR,NR,NR,NR,NR,NR,NR,NR,NR,NR,NR,N/A,N/A,N/A,N/A,N/A,0.03,0.01,0.01,0.01,0.09,0.05,0.06,0.05,0.04,0.65
DC,SBM,G,All,"4,168",NR,NR,NR,NR,NR,NR,NR,NR,NR,NR,NR,NR,0.12,0.06,0.25,0.24,0.17,0.16,0.01,NR,NR,NR,NR,NR,NR,NR,NR,NR,NR,NR,NR,NR,NR,NR,NR,NR,NR,NR,NR,NR,NR,NR,N/A,N/A,N/A,N/A,N/A,0.02,0,0,0.01,0.04,0.04,0.04,0.05,0.06,0.74
DE,HC.gov,B,All,"11,587",$623 ,$187 ,0.28,0.85,0.01,0,0,0,0.01,0.85,$510 ,$123 ,0.13,0.08,0.14,0.14,0.16,0.33,0.01,0.48,0.52,0.06,0.01,0.08,0,0.09,0.47,0.01,0.02,0.28,0.01,0.08,0,0.09,0.49,0.02,0.02,0.29,0.77,0.17,0.27,0.73,N/A,N/A,N/A,N/A,N/A,0,0.02,0.04,0.1,0.17,0.16,0.22,0.11,0.15,0.06
DE,HC.gov,S,All,"13,061",$738 ,$77 ,0.2,0.98,0.94,0.05,0.44,0.45,0,0.97,$679 ,$61 ,0.09,0.1,0.16,0.19,0.18,0.25,0.03,0.45,0.55,0.07,0,0.08,0,0.11,0.29,0.01,0.01,0.42,0,0.08,0,0.12,0.32,0.02,0.02,0.45,0.58,0.35,0.21,0.79,N/A,N/A,N/A,N/A,N/A,0.02,0.15,0.44,0.45,0.05,0.02,0.01,0,0,0
DE,HC.gov,G,All,"19,508",$769 ,$266 ,0.11,0.89,0,0,0,0,0,0.89,$562 ,$215 ,0.15,0.07,0.13,0.16,0.17,0.3,0.01,0.46,0.54,0.06,0,0.05,0,0.08,0.46,0.01,0.02,0.32,0,0.05,0,0.08,0.48,0.02,0.02,0.34,0.72,0.22,0.27,0.73,N/A,N/A,N/A,N/A,N/A,0,0.04,0.11,0.11,0.23,0.15,0.17,0.07,0.11,0.04
FL,HC.gov,B,All,"1,292,350",$584 ,$94 ,0.56,0.95,0,0,0,0,0,0.95,$518 ,$66 ,0.11,0.1,0.16,0.19,0.19,0.23,0.01,0.52,0.48,0.11,0,0.02,0,0.05,0.17,0,0.01,0.64,0,0.02,0,0.05,0.22,0.01,0.01,0.69,0.35,0.54,0.04,0.96,N/A,N/A,N/A,N/A,N/A,0.02,0.34,0.38,0.14,0.17,0.1,0.09,0.03,0.04,0.02
FL,HC.gov,S,All,"2,674,179",$625 ,$34 ,0.47,0.99,0.98,0.02,0.14,0.82,0,0.99,$595 ,$30 ,0.11,0.12,0.16,0.19,0.19,0.19,0.03,0.47,0.53,0.19,0,0.02,0,0.05,0.1,0,0,0.64,0,0.02,0,0.05,0.18,0.01,0,0.74,0.26,0.55,0.03,0.97,N/A,N/A,N/A,N/A,N/A,0.02,0.66,0.81,0.14,0.02,0.01,0,0,0,0
FL,HC.gov,G,All,"226,291",$659 ,$183 ,0.38,0.91,0,0,0,0,0,0.91,$523 ,$131 ,0.11,0.09,0.16,0.2,0.21,0.22,0.01,0.5,0.5,0.12,0,0.02,0,0.04,0.22,0.01,0.01,0.58,0,0.02,0,0.05,0.28,0.02,0.01,0.63,0.47,0.41,0.05,0.95,N/A,N/A,N/A,N/A,N/A,0.02,0.23,0.26,0.18,0.2,0.1,0.09,0.04,0.06,0.04
GA,HC.gov,B,All,"351,039",$538 ,$83 ,0.6,0.93,0,0,0,0,0,0.93,$492 ,$48 ,0.08,0.11,0.17,0.21,0.21,0.22,0.01,0.52,0.48,0.06,0,0.04,0,0.08,0.16,0,0.01,0.66,0,0.04,0,0.08,0.19,0.01,0.01,0.68,0.53,0.42,0.19,0.81,N/A,N/A,N/A,N/A,N/A,0.01,0.33,0.38,0.21,0.13,0.08,0.08,0.03,0.04,0.03
GA,HC.gov,S,All,"870,231",$593 ,$45 ,0.54,0.99,0.97,0.02,0.13,0.81,0,0.99,$554 ,$38 ,0.08,0.13,0.17,0.2,0.2,0.19,0.02,0.46,0.54,0.07,0,0.07,0,0.1,0.12,0,0.01,0.62,0,0.07,0,0.1,0.15,0.01,0.01,0.66,0.48,0.44,0.19,0.81,N/A,N/A,N/A,N/A,N/A,0.01,0.68,0.8,0.13,0.03,0.01,0.01,0,0,0
GA,HC.gov,G,All,"79,691",$673 ,$344 ,0,0.77,0,0,0,0,0,0.77,$426 ,$257 ,0.15,0.09,0.15,0.17,0.2,0.25,0,0.46,0.54,0.06,0,0.06,0,0.11,0.42,0.01,0.01,0.33,0,0.06,0,0.11,0.45,0.01,0.02,0.34,0.75,0.19,0.2,0.8,N/A,N/A,N/A,N/A,N/A,0.01,0.02,0.03,0.05,0.23,0.19,0.18,0.08,0.12,0.11
HI,HC.gov,B,All,"5,691",$557 ,$229 ,0.15,0.75,0.01,0,0,0,0.01,0.75,$440 ,$141 ,0.08,0.04,0.13,0.2,0.22,0.32,0.01,0.48,0.52,0.07,0.01,0.29,0.02,0.01,0.36,0.01,0.11,0.11,0.01,0.3,0.02,0.01,0.39,0.02,0.13,0.12,0.85,0.08,0.38,0.62,N/A,N/A,N/A,N/A,N/A,0.01,0.01,0.03,0.09,0.17,0.18,0.22,0.09,0.13,0.08
HI,HC.gov,S,All,"6,075",$726 ,$104 ,0.26,0.97,0.92,0.08,0.37,0.48,0,0.97,$642 ,$85 ,0.03,0.06,0.14,0.2,0.22,0.32,0.04,0.45,0.55,0.06,0,0.43,0.02,0.01,0.26,0.02,0.07,0.12,0,0.43,0.03,0.01,0.28,0.03,0.09,0.13,0.85,0.09,0.31,0.69,N/A,N/A,N/A,N/A,N/A,0.13,0.13,0.36,0.37,0.08,0.03,0.02,0.01,0,0.01
HI,HC.gov,G,All,"6,620",$735 ,$285 ,0,0.83,0,0,0,0,0,0.83,$541 ,$224 ,0.08,0.05,0.11,0.18,0.22,0.35,0.02,0.45,0.55,0.06,0,0.3,0.02,0.01,0.35,0.02,0.13,0.11,0,0.3,0.03,0.01,0.38,0.02,0.14,0.12,0.86,0.08,0.36,0.64,N/A,N/A,N/A,N/A,N/A,0.01,0.02,0.06,0.16,0.23,0.15,0.17,0.07,0.09,0.05
IA,HC.gov,B,All,"41,603",$510 ,$131 ,0.38,0.86,0,0,0,0,0,0.86,$441 ,$84 ,0.09,0.07,0.14,0.17,0.18,0.35,0,0.5,0.5,0.02,0,0.02,0,0.01,0.52,0,0.01,0.42,0,0.02,0,0.01,0.53,0.01,0.01,0.42,0.73,0.25,0.5,0.5,N/A,N/A,N/A,N/A,N/A,0,0.02,0.09,0.12,0.16,0.13,0.23,0.1,0.11,0.05
IA,HC.gov,S,All,"34,482",$616 ,$45 ,0.58,0.99,0.97,0.04,0.37,0.56,0,0.99,$579 ,$37 ,0.05,0.1,0.17,0.21,0.19,0.27,0.01,0.47,0.53,0.03,0,0.03,0,0.02,0.38,0,0.01,0.53,0,0.03,0,0.02,0.39,0.01,0.01,0.55,0.62,0.35,0.45,0.55,N/A,N/A,N/A,N/A,N/A,0.01,0.13,0.55,0.38,0.04,0.01,0.01,0,0,0
IA,HC.gov,G,All,"35,246",$645 ,$217 ,0.09,0.85,0,0,0,0,0,0.85,$504 ,$167 ,0.09,0.07,0.14,0.15,0.16,0.38,0,0.47,0.53,0.03,0,0.02,0,0.01,0.63,0,0.01,0.3,0,0.02,0,0.01,0.64,0.01,0.01,0.31,0.78,0.2,0.54,0.46,N/A,N/A,N/A,N/A,N/A,0,0.01,0.03,0.11,0.24,0.16,0.21,0.08,0.09,0.07
ID,SBM,B,All,"53,715",NR,NR,NR,NR,NR,NR,NR,NR,NR,NR,NR,NR,0.24,0.09,0.11,0.14,0.15,0.26,0,NR,NR,NR,NR,NR,NR,NR,NR,NR,NR,NR,NR,NR,NR,NR,NR,NR,NR,NR,NR,NR,NR,NR,N/A,N/A,N/A,N/A,N/A,0.01,0.01,0.02,0.1,0.23,0.19,0.19,0.07,0.06,0.12
ID,SBM,S,All,"38,244",NR,NR,NR,NR,NR,NR,NR,NR,NR,NR,NR,NR,0.2,0.12,0.16,0.16,0.14,0.23,0,NR,NR,NR,NR,NR,NR,NR,NR,NR,NR,NR,NR,NR,NR,NR,NR,NR,NR,NR,NR,NR,NR,NR,N/A,N/A,N/A,N/A,N/A,0.04,0.06,0.18,0.45,0.2,0.05,0.03,0.01,0.01,0.01
ID,SBM,G,All,"11,350",NR,NR,NR,NR,NR,NR,NR,NR,NR,NR,NR,NR,0.27,0.08,0.15,0.16,0.14,0.2,0,NR,NR,NR,NR,NR,NR,NR,NR,NR,NR,NR,NR,NR,NR,NR,NR,NR,NR,NR,NR,NR,NR,NR,N/A,N/A,N/A,N/A,N/A,0.01,0.01,0.02,0.1,0.27,0.17,0.17,0.06,0.07,0.13
IL,HC.gov,B,All,"150,128",$654 ,$214 ,0.23,0.84,0,0,0,0,0,0.84,$526 ,$154 ,0.09,0.08,0.15,0.15,0.18,0.35,0.01,0.5,0.5,0.06,0,0.07,0,0.04,0.48,0.01,0.01,0.33,0,0.07,0,0.04,0.5,0.01,0.01,0.35,0.7,0.23,0.18,0.82,N/A,N/A,N/A,N/A,N/A,0.01,0.03,0.08,0.12,0.17,0.14,0.22,0.09,0.11,0.06
IL,HC.gov,S,All,"218,068",$665 ,$127 ,0.29,0.96,0.86,0.1,0.29,0.48,0,0.96,$562 ,$106 ,0.06,0.1,0.2,0.19,0.19,0.25,0.02,0.48,0.52,0.09,0,0.1,0,0.04,0.37,0.01,0.01,0.4,0,0.1,0,0.04,0.4,0.02,0.01,0.44,0.63,0.29,0.11,0.89,N/A,N/A,N/A,N/A,N/A,0.02,0.15,0.45,0.29,0.1,0.04,0.04,0.02,0.02,0.01
IL,HC.gov,G,All,"29,117",$858 ,$509 ,0,0.71,0,0,0,0,0,0.71,$493 ,$410 ,0.12,0.07,0.19,0.19,0.17,0.26,0,0.48,0.52,0.08,0,0.06,0,0.04,0.57,0.01,0.02,0.24,0,0.06,0,0.04,0.61,0.02,0.02,0.26,0.77,0.16,0.16,0.84,N/A,N/A,N/A,N/A,N/A,0,0.01,0.02,0.05,0.19,0.15,0.22,0.1,0.14,0.14
IN,HC.gov,B,All,"116,178",$507 ,$151 ,0.4,0.84,0,0,0,0,0,0.84,$422 ,$91 ,0.09,0.08,0.14,0.19,0.2,0.29,0.01,0.52,0.48,0.02,0,0.02,0,0.02,0.36,0,0.01,0.57,0,0.02,0,0.02,0.36,0.01,0.01,0.57,0.64,0.34,0.25,0.75,N/A,N/A,N/A,N/A,N/A,0,0.06,0.2,0.21,0.13,0.11,0.13,0.06,0.08,0.08
IN,HC.gov,S,All,"171,103",$541 ,$96 ,0.43,0.94,0.82,0.08,0.22,0.52,0,0.94,$474 ,$67 ,0.09,0.09,0.16,0.2,0.2,0.25,0.01,0.49,0.51,0.04,0,0.04,0,0.03,0.3,0,0.01,0.58,0,0.04,0,0.03,0.31,0.01,0.01,0.6,0.56,0.4,0.24,0.76,N/A,N/A,N/A,N/A,N/A,0.01,0.15,0.52,0.22,0.08,0.05,0.05,0.02,0.03,0.03
IN,HC.gov,G,All,"8,491",$687 ,$510 ,0,0.57,0,0,0,0,0,0.57,$313 ,$395 ,0.15,0.08,0.18,0.19,0.18,0.21,0,0.48,0.52,0.04,0,0.03,0,0.04,0.61,0.01,0.02,0.25,0,0.03,0,0.04,0.63,0.01,0.02,0.26,0.79,0.17,0.23,0.77,N/A,N/A,N/A,N/A,N/A,0.01,0,0.01,0.03,0.14,0.16,0.17,0.09,0.15,0.23
KS,HC.gov,B,All,"59,577",$574 ,$121 ,0.46,0.9,0.02,0,0,0,0.02,0.9,$506 ,$76 ,0.1,0.09,0.15,0.18,0.19,0.29,0.01,0.5,0.5,0.05,0.01,0.03,0,0.02,0.39,0,0.02,0.49,0.01,0.03,0,0.02,0.41,0.01,0.02,0.5,0.63,0.33,0.35,0.65,N/A,N/A,N/A,N/A,N/A,0.02,0.17,0.21,0.16,0.17,0.14,0.14,0.05,0.07,0.04
KS,HC.gov,S,All,"93,773",$645 ,$59 ,0.5,0.98,0.95,0.03,0.18,0.73,0,0.98,$601 ,$43 ,0.07,0.11,0.17,0.21,0.19,0.22,0.01,0.47,0.53,0.06,0,0.03,0,0.02,0.29,0,0.01,0.58,0,0.03,0,0.02,0.32,0.01,0.01,0.6,0.53,0.4,0.37,0.63,N/A,N/A,N/A,N/A,N/A,0.01,0.59,0.73,0.19,0.03,0.01,0.01,0,0,0
KS,HC.gov,G,All,"17,909",$775 ,$348 ,0.02,0.84,0,0,0,0,0,0.84,$511 ,$283 ,0.16,0.08,0.15,0.16,0.15,0.29,0,0.47,0.53,0.07,0,0.03,0,0.02,0.62,0,0.02,0.23,0,0.03,0,0.02,0.66,0.01,0.02,0.26,0.77,0.15,0.46,0.54,N/A,N/A,N/A,N/A,N/A,0.02,0.03,0.04,0.07,0.24,0.21,0.19,0.08,0.09,0.06
KY,SBM,B,All,"30,668",NR,NR,NR,NR,NR,NR,NR,NR,NR,NR,NR,NR,0.12,0.07,0.11,0.15,0.19,0.35,0.01,NR,NR,NR,NR,NR,NR,NR,NR,NR,NR,NR,NR,NR,NR,NR,NR,NR,NR,NR,NR,NR,NR,NR,N/A,N/A,N/A,N/A,N/A,0,0.01,0.04,0.12,0.2,0.18,0.18,0.06,0.05,0.17
KY,SBM,S,All,"37,430",NR,NR,NR,NR,NR,NR,NR,NR,NR,NR,NR,NR,0.05,0.09,0.15,0.17,0.19,0.34,0.01,NR,NR,NR,NR,NR,NR,NR,NR,NR,NR,NR,NR,NR,NR,NR,NR,NR,NR,NR,NR,NR,NR,NR,N/A,N/A,N/A,N/A,N/A,0.02,0.06,0.19,0.38,0.18,0.07,0.06,0.02,0.02,0.06
KY,SBM,G,All,"6,703",NR,NR,NR,NR,NR,NR,NR,NR,NR,NR,NR,NR,0.12,0.07,0.16,0.17,0.2,0.28,0.01,NR,NR,NR,NR,NR,NR,NR,NR,NR,NR,NR,NR,NR,NR,NR,NR,NR,NR,NR,NR,NR,NR,NR,N/A,N/A,N/A,N/A,N/A,0,0.01,0.01,0.08,0.21,0.15,0.14,0.05,0.05,0.3
LA,HC.gov,B,All,"94,148",$646 ,$72 ,0.66,0.95,0,0,0,0,0,0.95,$603 ,$48 ,0.08,0.08,0.15,0.21,0.22,0.25,0.01,0.52,0.48,0.02,0,0.02,0,0.06,0.24,0,0.01,0.65,0,0.02,0,0.06,0.25,0.01,0.01,0.66,0.49,0.5,0.2,0.8,N/A,N/A,N/A,N/A,N/A,0,0.07,0.31,0.23,0.14,0.11,0.11,0.04,0.05,0.02
LA,HC.gov,S,All,"106,044",$749 ,$71 ,0.57,0.97,0.92,0.06,0.25,0.61,0,0.97,$697 ,$51 ,0.07,0.09,0.16,0.21,0.2,0.25,0.01,0.48,0.52,0.03,0,0.05,0,0.08,0.21,0,0.01,0.62,0,0.05,0,0.08,0.22,0.01,0.01,0.63,0.5,0.47,0.17,0.83,N/A,N/A,N/A,N/A,N/A,0.01,0.17,0.61,0.25,0.06,0.03,0.02,0.01,0.01,0.01
LA,HC.gov,G,All,"12,301",$859 ,$389 ,0,0.88,0,0,0,0,0,0.88,$533 ,$338 ,0.18,0.07,0.15,0.19,0.18,0.24,0,0.45,0.55,0.04,0,0.03,0,0.08,0.52,0.01,0.01,0.31,0,0.03,0,0.08,0.54,0.01,0.01,0.32,0.7,0.26,0.2,0.8,N/A,N/A,N/A,N/A,N/A,0,0.01,0.01,0.05,0.21,0.25,0.22,0.1,0.11,0.04
MA,SBM,B,All,"27,780",NR,NR,NR,NR,NR,NR,NR,NR,NR,NR,NR,NR,0.13,0.08,0.19,0.18,0.16,0.26,0.01,NR,NR,NR,NR,NR,NR,NR,NR,NR,NR,NR,NR,NR,NR,NR,NR,NR,NR,NR,NR,NR,NR,NR,N/A,N/A,N/A,N/A,N/A,0.02,0,0.01,0.01,0.01,0.02,0.03,0.02,0.27,0.61
MA,SBM,S,All,"271,998",NR,NR,NR,NR,NR,NR,NR,NR,NR,NR,NR,NR,0.04,0.11,0.2,0.21,0.19,0.23,0.02,NR,NR,NR,NR,NR,NR,NR,NR,NR,NR,NR,NR,NR,NR,NR,NR,NR,NR,NR,NR,NR,NR,NR,N/A,N/A,N/A,N/A,N/A,0.08,0.06,0.11,0.22,0.21,0.13,0.13,0.05,0.02,0.04
MA,SBM,G,All,"8,512",NR,NR,NR,NR,NR,NR,NR,NR,NR,NR,NR,NR,0.17,0.07,0.14,0.18,0.17,0.26,0.01,NR,NR,NR,NR,NR,NR,NR,NR,NR,NR,NR,NR,NR,NR,NR,NR,NR,NR,NR,NR,NR,NR,NR,N/A,N/A,N/A,N/A,N/A,0.01,0,0,0,0,0.01,0.01,0.01,0.24,0.71
MD,SBM,B,All,"50,695",NR,NR,NR,NR,NR,NR,NR,NR,NR,NR,NR,NR,0.09,0.09,0.17,0.18,0.18,0.27,0.02,NR,NR,NR,NR,NR,NR,NR,NR,NR,NR,NR,NR,NR,NR,NR,NR,NR,NR,NR,NR,NR,NR,NR,N/A,N/A,N/A,N/A,N/A,0.03,0.01,0.03,0.1,0.15,0.13,0.18,0.06,0.06,0.25
MD,SBM,S,All,"55,420",NR,NR,NR,NR,NR,NR,NR,NR,NR,NR,NR,NR,0.01,0.1,0.17,0.19,0.19,0.21,0.12,NR,NR,NR,NR,NR,NR,NR,NR,NR,NR,NR,NR,NR,NR,NR,NR,NR,NR,NR,NR,NR,NR,NR,N/A,N/A,N/A,N/A,N/A,0.28,0.13,0.26,0.33,0.05,0.02,0.01,0,0,0.04
MD,SBM,G,All,"102,286",NR,NR,NR,NR,NR,NR,NR,NR,NR,NR,NR,NR,0.08,0.1,0.19,0.17,0.18,0.25,0.02,NR,NR,NR,NR,NR,NR,NR,NR,NR,NR,NR,NR,NR,NR,NR,NR,NR,NR,NR,NR,NR,NR,NR,N/A,N/A,N/A,N/A,N/A,0.05,0.02,0.05,0.18,0.2,0.11,0.12,0.04,0.05,0.2
ME,SBM,B,All,"28,427",NR,NR,NR,NR,NR,NR,NR,NR,NR,NR,NR,NR,0.14,0.06,0.11,0.16,0.17,0.35,0,NR,NR,NR,NR,NR,NR,NR,NR,NR,NR,NR,NR,NR,NR,NR,NR,NR,NR,NR,NR,NR,NR,NR,N/A,N/A,N/A,N/A,N/A,0.03,0.01,0.02,0.06,0.14,0.15,0.25,0.1,0.12,0.12
ME,SBM,S,All,"27,456",NR,NR,NR,NR,NR,NR,NR,NR,NR,NR,NR,NR,0.08,0.06,0.14,0.16,0.18,0.37,0.01,NR,NR,NR,NR,NR,NR,NR,NR,NR,NR,NR,NR,NR,NR,NR,NR,NR,NR,NR,NR,NR,NR,NR,N/A,N/A,N/A,N/A,N/A,0.03,0.05,0.14,0.31,0.21,0.09,0.1,0.04,0.04,0.05
ME,SBM,G,All,"5,716",NR,NR,NR,NR,NR,NR,NR,NR,NR,NR,NR,NR,0.16,0.06,0.16,0.19,0.17,0.25,0,NR,NR,NR,NR,NR,NR,NR,NR,NR,NR,NR,NR,NR,NR,NR,NR,NR,NR,NR,NR,NR,NR,NR,N/A,N/A,N/A,N/A,N/A,0.04,0.01,0.02,0.06,0.14,0.13,0.21,0.2,0.02,0.18
MI,HC.gov,B,All,"191,315",$481 ,$147 ,0.35,0.85,0.01,0,0,0,0.01,0.85,$391 ,$96 ,0.12,0.08,0.14,0.15,0.17,0.33,0.01,0.51,0.49,0.02,0,0.02,0,0.03,0.41,0.01,0.01,0.5,0,0.02,0,0.03,0.42,0.01,0.01,0.51,0.63,0.35,0.22,0.78,N/A,N/A,N/A,N/A,N/A,0,0.04,0.13,0.15,0.18,0.14,0.17,0.07,0.08,0.06
MI,HC.gov,S,All,"202,535",$548 ,$105 ,0.36,0.96,0.86,0.11,0.26,0.48,0,0.96,$463 ,$86 ,0.1,0.09,0.16,0.17,0.18,0.28,0.01,0.49,0.51,0.02,0,0.03,0,0.03,0.34,0.01,0.01,0.56,0,0.03,0,0.03,0.35,0.01,0.01,0.57,0.61,0.37,0.21,0.79,N/A,N/A,N/A,N/A,N/A,0.01,0.12,0.48,0.26,0.12,0.05,0.04,0.01,0.02,0.01
MI,HC.gov,G,All,"22,440",$578 ,$328 ,0.01,0.74,0,0,0,0,0,0.74,$337 ,$254 ,0.17,0.07,0.18,0.18,0.17,0.24,0,0.48,0.52,0.04,0,0.04,0,0.05,0.56,0.02,0.02,0.27,0,0.04,0,0.05,0.58,0.02,0.02,0.28,0.8,0.16,0.14,0.86,N/A,N/A,N/A,N/A,N/A,0.01,0.01,0.02,0.05,0.28,0.19,0.19,0.07,0.09,0.1
MN,SBM,B,All,"63,323",NR,NR,NR,NR,NR,NR,NR,NR,NR,NR,NR,NR,0.11,0.07,0.11,0.14,0.15,0.41,0,NR,NR,NR,NR,NR,NR,NR,NR,NR,NR,NR,NR,NR,NR,NR,NR,NR,NR,NR,NR,NR,NR,NR,N/A,N/A,N/A,N/A,N/A,0,0,0,0,0.16,0.15,0.2,0.08,0.08,0.33
MN,SBM,S,All,"42,578",NR,NR,NR,NR,NR,NR,NR,NR,NR,NR,NR,NR,0.12,0.07,0.13,0.15,0.15,0.39,0,NR,NR,NR,NR,NR,NR,NR,NR,NR,NR,NR,NR,NR,NR,NR,NR,NR,NR,NR,NR,NR,NR,NR,N/A,N/A,N/A,N/A,N/A,0,0,0,0,0.24,0.14,0.18,0.07,0.07,0.3
MN,SBM,G,All,"25,693",NR,NR,NR,NR,NR,NR,NR,NR,NR,NR,NR,NR,0.15,0.07,0.17,0.18,0.16,0.27,0,NR,NR,NR,NR,NR,NR,NR,NR,NR,NR,NR,NR,NR,NR,NR,NR,NR,NR,NR,NR,NR,NR,NR,N/A,N/A,N/A,N/A,N/A,0,0,0,0,0.15,0.14,0.16,0.07,0.07,0.41
MO,HC.gov,B,All,"147,847",$603 ,$93 ,0.59,0.92,0.01,0,0,0,0.01,0.92,$551 ,$58 ,0.07,0.08,0.15,0.2,0.21,0.28,0.01,0.52,0.48,0.02,0,0.02,0,0.02,0.29,0,0.01,0.64,0,0.02,0,0.02,0.3,0,0.01,0.64,0.59,0.4,0.3,0.7,N/A,N/A,N/A,N/A,N/A,0,0.08,0.26,0.24,0.16,0.09,0.12,0.05,0.05,0.03
MO,HC.gov,S,All,"196,476",$680 ,$67 ,0.49,0.97,0.9,0.07,0.24,0.59,0,0.97,$632 ,$50 ,0.08,0.09,0.16,0.2,0.2,0.26,0.01,0.48,0.52,0.02,0,0.03,0,0.03,0.3,0,0.01,0.61,0,0.03,0,0.03,0.31,0.01,0.01,0.62,0.58,0.4,0.36,0.64,N/A,N/A,N/A,N/A,N/A,0.01,0.18,0.59,0.25,0.07,0.03,0.03,0.01,0.01,0.01
MO,HC.gov,G,All,"14,267",$746 ,$410 ,0,0.73,0,0,0,0,0,0.73,$462 ,$313 ,0.12,0.08,0.17,0.19,0.19,0.26,0,0.48,0.52,0.03,0,0.04,0,0.03,0.58,0.01,0.01,0.3,0,0.04,0,0.03,0.59,0.01,0.01,0.31,0.76,0.22,0.23,0.77,N/A,N/A,N/A,N/A,N/A,0.01,0,0.01,0.04,0.22,0.16,0.2,0.09,0.12,0.15
MS,HC.gov,B,All,"72,106",$605 ,$31 ,0.81,0.97,0,0,0,0,0,0.97,$589 ,$18 ,0.04,0.09,0.17,0.24,0.25,0.22,0.01,0.53,0.47,0.01,0,0.01,0,0.05,0.07,0,0,0.86,0,0.01,0,0.05,0.07,0,0,0.86,0.5,0.49,0.45,0.55,N/A,N/A,N/A,N/A,N/A,0.01,0.51,0.6,0.25,0.07,0.03,0.03,0.01,0.01,0.01
MS,HC.gov,S,All,"211,147",$618 ,$31 ,0.61,0.99,0.96,0.04,0.12,0.79,0,0.99,$595 ,$24 ,0.05,0.12,0.16,0.21,0.22,0.22,0.01,0.44,0.56,0.01,0,0.02,0,0.13,0.15,0,0,0.68,0,0.02,0,0.13,0.15,0.01,0,0.69,0.59,0.4,0.7,0.3,N/A,N/A,N/A,N/A,N/A,0.01,0.69,0.79,0.13,0.04,0.02,0.01,0,0,0
MS,HC.gov,G,All,"3,157",$747 ,$444 ,0,0.7,0,0,0,0,0,0.7,$434 ,$310 ,0.14,0.09,0.18,0.19,0.19,0.2,0,0.52,0.48,0.01,0,0.03,0,0.11,0.42,0.01,0.01,0.42,0,0.03,0,0.11,0.42,0.01,0.01,0.43,0.68,0.3,0.59,0.41,N/A,N/A,N/A,N/A,N/A,0.05,0.02,0.03,0.04,0.26,0.18,0.14,0.06,0.06,0.19
MT,HC.gov,B,All,"39,115",$555 ,$161 ,0.32,0.86,0.03,0,0,0,0.03,0.85,$462 ,$104 ,0.14,0.07,0.14,0.17,0.17,0.3,0,0.49,0.51,0.02,0.03,0.01,0,0,0.64,0,0.02,0.27,0.03,0.01,0,0,0.66,0.01,0.02,0.27,0.81,0.17,0.75,0.25,N/A,N/A,N/A,N/A,N/A,0,0.01,0.05,0.09,0.16,0.18,0.24,0.11,0.12,0.05
MT,HC.gov,S,All,"20,377",$668 ,$96 ,0.34,0.97,0.88,0.13,0.43,0.32,0,0.96,$594 ,$76 ,0.1,0.1,0.18,0.19,0.16,0.25,0.01,0.46,0.54,0.03,0,0.01,0,0,0.62,0,0.02,0.31,0.01,0.01,0,0,0.63,0.01,0.02,0.32,0.76,0.21,0.71,0.29,N/A,N/A,N/A,N/A,N/A,0,0.1,0.33,0.43,0.13,0.04,0.03,0.01,0.01,0.01
MT,HC.gov,G,All,"6,540",$716 ,$373 ,0,0.8,0.01,0,0,0,0.01,0.79,$432 ,$301 ,0.18,0.07,0.18,0.2,0.16,0.2,0,0.47,0.53,0.03,0.01,0.01,0,0,0.73,0,0.02,0.2,0.02,0.01,0,0,0.74,0.01,0.02,0.2,0.87,0.1,0.74,0.26,N/A,N/A,N/A,N/A,N/A,0.01,0.01,0.01,0.04,0.21,0.21,0.23,0.09,0.13,0.07
NC,HC.gov,B,All,"421,708",$551 ,$80 ,0.59,0.94,0,0,0,0,0,0.94,$504 ,$52 ,0.1,0.08,0.16,0.19,0.21,0.25,0.01,0.51,0.49,0.08,0,0.02,0,0.05,0.29,0,0.01,0.54,0,0.02,0,0.05,0.33,0.01,0.01,0.57,0.56,0.36,0.26,0.74,N/A,N/A,N/A,N/A,N/A,0.02,0.19,0.27,0.16,0.18,0.12,0.13,0.05,0.06,0.02
NC,HC.gov,S,All,"527,815",$644 ,$43 ,0.57,0.99,0.97,0.04,0.18,0.75,0,0.99,$610 ,$34 ,0.07,0.1,0.18,0.2,0.21,0.21,0.02,0.47,0.53,0.09,0,0.03,0,0.07,0.21,0,0.01,0.59,0,0.03,0,0.07,0.25,0.01,0.01,0.63,0.51,0.4,0.25,0.75,N/A,N/A,N/A,N/A,N/A,0.02,0.49,0.74,0.18,0.04,0.01,0.01,0,0,0
NC,HC.gov,G,All,"75,825",$695 ,$287 ,0,0.86,0,0,0,0,0,0.86,$473 ,$235 ,0.18,0.08,0.15,0.17,0.18,0.25,0,0.46,0.54,0.05,0,0.03,0,0.06,0.55,0.01,0.01,0.29,0,0.03,0,0.06,0.57,0.01,0.02,0.3,0.79,0.16,0.25,0.75,N/A,N/A,N/A,N/A,N/A,0.01,0.01,0.02,0.05,0.28,0.19,0.2,0.08,0.11,0.05
ND,HC.gov,B,All,"14,616",$440 ,$133 ,0.39,0.85,0.05,0,0,0,0.05,0.84,$365 ,$83 ,0.22,0.07,0.13,0.16,0.13,0.28,0,0.5,0.5,0.02,0.04,0.01,0,0.01,0.57,0,0.02,0.31,0.04,0.01,0,0.01,0.58,0.01,0.02,0.32,0.79,0.18,0.6,0.4,N/A,N/A,N/A,N/A,N/A,0,0.01,0.03,0.09,0.15,0.16,0.24,0.12,0.17,0.05
ND,HC.gov,S,All,"9,520",$555 ,$51 ,0.47,0.98,0.95,0.05,0.55,0.34,0,0.98,$515 ,$41 ,0.22,0.11,0.19,0.17,0.13,0.18,0.01,0.48,0.52,0.04,0,0.04,0,0.04,0.5,0,0.01,0.36,0.01,0.04,0,0.04,0.52,0.01,0.01,0.37,0.76,0.2,0.58,0.42,N/A,N/A,N/A,N/A,N/A,0.03,0.11,0.31,0.56,0.06,0.02,0.02,0,0,0
ND,HC.gov,G,All,"14,056",$588 ,$186 ,0.1,0.92,0.01,0,0,0,0.01,0.92,$440 ,$155 ,0.27,0.08,0.13,0.15,0.13,0.24,0,0.49,0.51,0.02,0.01,0.01,0,0.01,0.61,0,0.01,0.32,0.01,0.01,0,0.01,0.62,0.01,0.01,0.33,0.79,0.19,0.68,0.32,N/A,N/A,N/A,N/A,N/A,0,0.01,0.02,0.12,0.3,0.18,0.2,0.07,0.09,0.02
NE,HC.gov,B,All,"69,146",$627 ,$130 ,0.36,0.93,0.01,0,0,0,0.01,0.93,$533 ,$98 ,0.2,0.09,0.13,0.16,0.16,0.26,0,0.5,0.5,0.04,0.01,0.01,0,0.01,0.49,0,0.01,0.43,0.01,0.01,0,0.01,0.51,0.01,0.01,0.44,0.7,0.26,0.51,0.49,N/A,N/A,N/A,N/A,N/A,0,0.01,0.05,0.11,0.24,0.18,0.21,0.08,0.1,0.03
NE,HC.gov,S,All,"36,639",$731 ,$57 ,0.5,0.99,0.96,0.05,0.31,0.6,0,0.99,$683 ,$48 ,0.12,0.1,0.16,0.2,0.18,0.21,0.01,0.48,0.52,0.06,0,0.03,0,0.02,0.31,0,0.01,0.58,0,0.03,0,0.02,0.33,0.01,0.01,0.61,0.55,0.39,0.44,0.56,N/A,N/A,N/A,N/A,N/A,0.01,0.18,0.59,0.32,0.05,0.01,0.01,0,0,0
NE,HC.gov,G,All,"12,064",$729 ,$258 ,0.06,0.9,0,0,0,0,0,0.9,$522 ,$207 ,0.22,0.08,0.15,0.18,0.16,0.21,0,0.49,0.51,0.06,0,0.03,0,0.01,0.53,0,0.01,0.36,0,0.03,0,0.01,0.56,0.01,0.01,0.38,0.72,0.22,0.49,0.51,N/A,N/A,N/A,N/A,N/A,0,0.01,0.03,0.08,0.32,0.19,0.18,0.07,0.09,0.05
NH,HC.gov,B,All,"22,137",$404 ,$218 ,0.15,0.63,0,0,0,0,0,0.63,$294 ,$130 ,0.11,0.07,0.14,0.16,0.17,0.36,0,0.5,0.5,0.03,0,0.03,0,0.01,0.6,0.01,0.01,0.32,0,0.03,0,0.01,0.61,0.01,0.01,0.33,0.77,0.2,0.45,0.55,N/A,N/A,N/A,N/A,N/A,0,0.01,0.04,0.06,0.13,0.13,0.22,0.11,0.13,0.17
NH,HC.gov,S,All,"29,149",$480 ,$130 ,0.3,0.88,0.71,0.13,0.32,0.26,0,0.87,$404 ,$84 ,0.06,0.09,0.16,0.17,0.17,0.33,0.01,0.46,0.54,0.04,0,0.04,0,0.01,0.55,0.01,0.01,0.35,0,0.04,0,0.01,0.57,0.01,0.01,0.36,0.75,0.22,0.43,0.57,N/A,N/A,N/A,N/A,N/A,0.01,0.07,0.26,0.32,0.13,0.06,0.08,0.04,0.04,0.06
NH,HC.gov,G,All,"13,377",$486 ,$331 ,0,0.56,0,0,0,0,0,0.56,$277 ,$246 ,0.13,0.07,0.17,0.18,0.16,0.27,0,0.47,0.53,0.03,0,0.02,0,0,0.66,0.01,0.01,0.26,0,0.02,0,0.01,0.67,0.01,0.01,0.27,0.8,0.17,0.38,0.62,N/A,N/A,N/A,N/A,N/A,0.01,0,0.01,0.03,0.15,0.14,0.21,0.11,0.15,0.21
NJ,SBM,B,All,"67,074",NR,NR,NR,NR,NR,NR,NR,NR,NR,NR,NR,NR,0.09,0.08,0.2,0.17,0.18,0.27,0.01,NR,NR,NR,NR,NR,NR,NR,NR,NR,NR,NR,NR,NR,NR,NR,NR,NR,NR,NR,NR,NR,NR,NR,N/A,N/A,N/A,N/A,N/A,0.02,0.01,0.02,0.04,0.16,0.15,0.24,0.11,0.12,0.14
NJ,SBM,S,All,"324,273",NR,NR,NR,NR,NR,NR,NR,NR,NR,NR,NR,NR,0.08,0.09,0.17,0.16,0.19,0.28,0.03,NR,NR,NR,NR,NR,NR,NR,NR,NR,NR,NR,NR,NR,NR,NR,NR,NR,NR,NR,NR,NR,NR,NR,N/A,N/A,N/A,N/A,N/A,0.05,0.11,0.21,0.25,0.14,0.09,0.12,0.05,0.05,0.04
NJ,SBM,G,All,"5,607",NR,NR,NR,NR,NR,NR,NR,NR,NR,NR,NR,NR,0.15,0.08,0.21,0.22,0.17,0.17,0,NR,NR,NR,NR,NR,NR,NR,NR,NR,NR,NR,NR,NR,NR,NR,NR,NR,NR,NR,NR,NR,NR,NR,N/A,N/A,N/A,N/A,N/A,0.01,0.02,0.04,0.08,0.13,0.12,0.19,0.08,0.1,0.26
NM,SBM,B,All,"2,418",NR,NR,NR,NR,NR,NR,NR,NR,NR,NR,NR,NR,0.12,0.07,0.14,0.16,0.2,0.31,0.01,NR,NR,NR,NR,NR,NR,NR,NR,NR,NR,NR,NR,NR,NR,NR,NR,NR,NR,NR,NR,NR,NR,NR,N/A,N/A,N/A,N/A,N/A,0.03,0.02,0.03,0.08,0.08,0.09,0.16,0.11,0.12,0.3
NM,SBM,S,All,"13,514",NR,NR,NR,NR,NR,NR,NR,NR,NR,NR,NR,NR,0.04,0.1,0.14,0.14,0.18,0.36,0.04,NR,NR,NR,NR,NR,NR,NR,NR,NR,NR,NR,NR,NR,NR,NR,NR,NR,NR,NR,NR,NR,NR,NR,N/A,N/A,N/A,N/A,N/A,0.03,0.23,0.4,0.55,0.01,0,0,0,0,0.01
NM,SBM,G,All,"40,540",NR,NR,NR,NR,NR,NR,NR,NR,NR,NR,NR,NR,0.11,0.07,0.12,0.15,0.18,0.36,0.01,NR,NR,NR,NR,NR,NR,NR,NR,NR,NR,NR,NR,NR,NR,NR,NR,NR,NR,NR,NR,NR,NR,NR,N/A,N/A,N/A,N/A,N/A,0.01,0.02,0.03,0.08,0.23,0.17,0.18,0.07,0.08,0.15
NV,SBM,B,All,"36,499",NR,NR,NR,NR,NR,NR,NR,NR,NR,NR,NR,NR,0.16,0.07,0.13,0.16,0.17,0.3,0.01,NR,NR,NR,NR,NR,NR,NR,NR,NR,NR,NR,NR,NR,NR,NR,NR,NR,NR,NR,NR,NR,NR,NR,N/A,N/A,N/A,N/A,N/A,0.01,0.03,0.05,0.12,0.21,0.16,0.16,0.06,0.06,0.16
NV,SBM,S,All,"58,066",NR,NR,NR,NR,NR,NR,NR,NR,NR,NR,NR,NR,0.15,0.08,0.13,0.16,0.18,0.27,0.03,NR,NR,NR,NR,NR,NR,NR,NR,NR,NR,NR,NR,NR,NR,NR,NR,NR,NR,NR,NR,NR,NR,NR,N/A,N/A,N/A,N/A,N/A,0.03,0.16,0.35,0.3,0.15,0.05,0.04,0.02,0.01,0.04
NV,SBM,G,All,"4,475",NR,NR,NR,NR,NR,NR,NR,NR,NR,NR,NR,NR,0.15,0.06,0.2,0.21,0.18,0.19,0,NR,NR,NR,NR,NR,NR,NR,NR,NR,NR,NR,NR,NR,NR,NR,NR,NR,NR,NR,NR,NR,NR,NR,N/A,N/A,N/A,N/A,N/A,0.02,0.02,0.03,0.09,0.18,0.11,0.12,0.05,0.06,0.34
NY,SBM,B,All,"135,986",NR,NR,NR,NR,NR,NR,NR,NR,NR,NR,NR,NR,0.03,0.08,0.23,0.21,0.19,0.24,0.01,NR,NR,NR,NR,NR,NR,NR,NR,NR,NR,NR,NR,NR,NR,NR,NR,NR,NR,NR,NR,NR,NR,NR,N/A,N/A,N/A,N/A,N/A,0,0,0,0,0.16,0.2,0.22,0.08,0.07,NR
NY,SBM,S,All,"105,329",NR,NR,NR,NR,NR,NR,NR,NR,NR,NR,NR,NR,0.02,0.09,0.16,0.17,0.2,0.34,0.02,NR,NR,NR,NR,NR,NR,NR,NR,NR,NR,NR,NR,NR,NR,NR,NR,NR,NR,NR,NR,NR,NR,NR,N/A,N/A,N/A,N/A,N/A,0,0,0.01,0.01,0.34,0.15,0.16,0.06,0.06,NR
NY,SBM,G,All,"28,060",NR,NR,NR,NR,NR,NR,NR,NR,NR,NR,NR,NR,0.05,0.07,0.1,0.14,0.2,0.43,0.01,NR,NR,NR,NR,NR,NR,NR,NR,NR,NR,NR,NR,NR,NR,NR,NR,NR,NR,NR,NR,NR,NR,NR,N/A,N/A,N/A,N/A,N/A,0,0,0,0,0.11,0.11,0.16,0.08,0.09,NR
OH,HC.gov,B,All,"241,564",$548 ,$142 ,0.49,0.87,0,0,0,0,0,0.87,$468 ,$75 ,0.1,0.08,0.14,0.18,0.19,0.31,0.01,0.52,0.48,0.02,0,0.02,0,0.03,0.34,0,0.01,0.58,0,0.02,0,0.03,0.35,0.01,0.01,0.59,0.64,0.34,0.2,0.8,N/A,N/A,N/A,N/A,N/A,0,0.08,0.22,0.2,0.16,0.1,0.12,0.05,0.06,0.08
OH,HC.gov,S,All,"211,342",$610 ,$98 ,0.42,0.96,0.87,0.09,0.24,0.54,0,0.95,$537 ,$70 ,0.09,0.09,0.16,0.19,0.19,0.27,0.01,0.5,0.5,0.02,0,0.03,0,0.04,0.31,0,0.01,0.59,0,0.03,0,0.04,0.32,0.01,0.01,0.6,0.55,0.42,0.21,0.79,N/A,N/A,N/A,N/A,N/A,0.01,0.15,0.53,0.24,0.09,0.04,0.04,0.01,0.02,0.02
OH,HC.gov,G,All,"22,545",$707 ,$427 ,0,0.7,0,0,0,0,0,0.7,$402 ,$303 ,0.14,0.07,0.16,0.16,0.17,0.3,0,0.47,0.53,0.03,0,0.03,0,0.04,0.6,0.01,0.02,0.27,0,0.03,0,0.04,0.62,0.01,0.02,0.28,0.8,0.17,0.21,0.79,N/A,N/A,N/A,N/A,N/A,0,0,0.01,0.04,0.23,0.18,0.19,0.08,0.11,0.17
OK,HC.gov,B,All,"128,536",$564 ,$64 ,0.65,0.97,0.24,0,0,0,0.24,0.96,$523 ,$40 ,0.13,0.09,0.15,0.21,0.2,0.22,0.01,0.5,0.5,0.04,0.18,0.02,0,0.01,0.19,0,0.04,0.52,0.18,0.02,0,0.01,0.21,0,0.04,0.53,0.6,0.37,0.4,0.6,N/A,N/A,N/A,N/A,N/A,0,0.12,0.3,0.25,0.19,0.11,0.07,0.03,0.03,0.02
OK,HC.gov,S,All,"109,543",$682 ,$55 ,0.57,0.99,0.97,0.04,0.24,0.69,0.01,0.98,$637 ,$44 ,0.08,0.1,0.16,0.23,0.21,0.21,0.01,0.48,0.52,0.05,0.01,0.03,0,0.02,0.23,0,0.01,0.64,0.01,0.03,0,0.02,0.25,0.01,0.01,0.66,0.51,0.44,0.45,0.55,N/A,N/A,N/A,N/A,N/A,0.01,0.23,0.69,0.24,0.04,0.01,0.01,0,0,0
OK,HC.gov,G,All,"39,039",$717 ,$194 ,0.26,0.93,0.04,0,0,0,0.04,0.93,$564 ,$155 ,0.16,0.08,0.14,0.19,0.19,0.25,0.01,0.48,0.52,0.05,0.03,0.02,0,0.02,0.38,0,0.02,0.46,0.04,0.02,0,0.02,0.41,0.01,0.03,0.48,0.66,0.29,0.5,0.5,N/A,N/A,N/A,N/A,N/A,0,0.06,0.15,0.19,0.26,0.14,0.12,0.05,0.05,0.03
OR,HC.gov,B,All,"65,644",$564 ,$215 ,0.2,0.76,0.01,0,0,0,0.01,0.76,$458 ,$140 ,0.1,0.06,0.13,0.17,0.19,0.35,0.01,0.48,0.52,0.05,0.01,0.06,0,0.01,0.6,0.01,0.03,0.23,0.01,0.06,0,0.01,0.63,0.01,0.03,0.25,0.81,0.14,0.23,0.77,N/A,N/A,N/A,N/A,N/A,0,0.01,0.02,0.05,0.13,0.14,0.26,0.13,0.18,0.09
OR,HC.gov,S,All,"55,874",$740 ,$174 ,0.16,0.92,0.69,0.18,0.33,0.18,0,0.91,$620 ,$131 ,0.04,0.07,0.15,0.17,0.21,0.35,0.02,0.43,0.57,0.07,0,0.08,0,0.01,0.56,0.01,0.02,0.25,0,0.08,0,0.01,0.59,0.02,0.03,0.27,0.78,0.15,0.24,0.76,N/A,N/A,N/A,N/A,N/A,0.01,0.04,0.18,0.34,0.18,0.08,0.1,0.04,0.05,0.03
OR,HC.gov,G,All,"23,991",$709 ,$411 ,0,0.7,0,0,0,0,0,0.7,$428 ,$335 ,0.13,0.07,0.15,0.22,0.19,0.24,0,0.45,0.55,0.07,0,0.05,0,0.01,0.65,0.01,0.03,0.19,0,0.05,0,0.01,0.68,0.02,0.04,0.21,0.83,0.1,0.17,0.83,N/A,N/A,N/A,N/A,N/A,0,0,0.01,0.04,0.15,0.13,0.23,0.12,0.18,0.13
PA,SBM,B,All,"100,226",NR,NR,NR,NR,NR,NR,NR,NR,NR,NR,NR,NR,0.07,0.07,0.17,0.16,0.17,0.34,0.01,NR,NR,NR,NR,NR,NR,NR,NR,NR,NR,NR,NR,NR,NR,NR,NR,NR,NR,NR,NR,NR,NR,NR,N/A,N/A,N/A,N/A,N/A,0.02,0.03,0.06,0.13,0.17,0.14,0.18,0.08,0.09,0.14
PA,SBM,S,All,"148,314",NR,NR,NR,NR,NR,NR,NR,NR,NR,NR,NR,NR,0.06,0.08,0.16,0.18,0.19,0.3,0.02,NR,NR,NR,NR,NR,NR,NR,NR,NR,NR,NR,NR,NR,NR,NR,NR,NR,NR,NR,NR,NR,NR,NR,N/A,N/A,N/A,N/A,N/A,0.04,0.24,0.44,0.32,0.08,0.04,0.04,0.01,0.01,0.02
PA,SBM,G,All,"184,773",NR,NR,NR,NR,NR,NR,NR,NR,NR,NR,NR,NR,0.07,0.07,0.15,0.15,0.17,0.37,0.01,NR,NR,NR,NR,NR,NR,NR,NR,NR,NR,NR,NR,NR,NR,NR,NR,NR,NR,NR,NR,NR,NR,NR,N/A,N/A,N/A,N/A,N/A,0.01,0.03,0.06,0.18,0.21,0.14,0.16,0.07,0.07,0.1
RI,SBM,B,All,"7,886",NR,NR,NR,NR,NR,NR,NR,NR,NR,NR,NR,NR,0.07,0.08,0.2,0.17,0.17,0.3,0.01,NR,NR,NR,NR,NR,NR,NR,NR,NR,NR,NR,NR,NR,NR,NR,NR,NR,NR,NR,NR,NR,NR,NR,N/A,N/A,N/A,N/A,N/A,0,0.01,0.02,0.08,0.15,0.17,0.21,0.09,0.09,0.2
RI,SBM,S,All,"14,350",NR,NR,NR,NR,NR,NR,NR,NR,NR,NR,NR,NR,0.02,0.12,0.17,0.19,0.2,0.26,0.05,NR,NR,NR,NR,NR,NR,NR,NR,NR,NR,NR,NR,NR,NR,NR,NR,NR,NR,NR,NR,NR,NR,NR,N/A,N/A,N/A,N/A,N/A,0,0.26,0.39,0.42,0.1,0.02,0.02,0.01,0,0.03
RI,SBM,G,All,"13,021",NR,NR,NR,NR,NR,NR,NR,NR,NR,NR,NR,NR,0.06,0.07,0.17,0.17,0.19,0.33,0.01,NR,NR,NR,NR,NR,NR,NR,NR,NR,NR,NR,NR,NR,NR,NR,NR,NR,NR,NR,NR,NR,NR,NR,N/A,N/A,N/A,N/A,N/A,0,0.01,0.03,0.13,0.24,0.17,0.17,0.06,0.07,0.13
SC,HC.gov,B,All,"293,049",$545 ,$62 ,0.67,0.95,0,0,0,0,0,0.95,$507 ,$42 ,0.09,0.11,0.16,0.19,0.2,0.25,0.01,0.49,0.51,0.04,0,0.02,0,0.05,0.24,0,0.01,0.64,0,0.02,0,0.05,0.26,0.01,0.01,0.65,0.53,0.43,0.21,0.79,N/A,N/A,N/A,N/A,N/A,0.01,0.28,0.33,0.18,0.17,0.1,0.1,0.04,0.05,0.01
SC,HC.gov,S,All,"250,303",$650 ,$48 ,0.57,0.98,0.97,0.03,0.12,0.82,0,0.98,$612 ,$37 ,0.07,0.11,0.17,0.21,0.21,0.22,0.01,0.48,0.52,0.07,0,0.02,0,0.06,0.17,0,0,0.67,0,0.02,0,0.06,0.2,0.01,0.01,0.7,0.48,0.45,0.23,0.77,N/A,N/A,N/A,N/A,N/A,0.02,0.68,0.81,0.12,0.03,0.01,0,0,0,0.01
SC,HC.gov,G,All,"25,527",$753 ,$341 ,0,0.85,0,0,0,0,0,0.85,$486 ,$284 ,0.15,0.08,0.15,0.16,0.18,0.28,0,0.46,0.54,0.04,0,0.02,0,0.06,0.52,0,0.01,0.35,0,0.02,0,0.06,0.54,0.01,0.01,0.36,0.76,0.2,0.17,0.83,N/A,N/A,N/A,N/A,N/A,0.02,0.03,0.04,0.07,0.27,0.17,0.19,0.08,0.11,0.06
SD,HC.gov,B,All,"25,929",$625 ,$120 ,0.4,0.94,0.06,0,0,0,0.06,0.94,$539 ,$91 ,0.23,0.08,0.14,0.16,0.13,0.26,0,0.5,0.5,0.03,0.05,0.01,0,0.01,0.64,0,0.02,0.24,0.05,0.01,0,0.01,0.65,0.01,0.03,0.25,0.84,0.13,0.64,0.36,N/A,N/A,N/A,N/A,N/A,0,0.02,0.04,0.06,0.21,0.2,0.25,0.11,0.12,0.02
SD,HC.gov,S,All,"20,464",$762 ,$70 ,0.42,0.99,0.9,0.15,0.37,0.38,0,0.99,$702 ,$61 ,0.15,0.11,0.17,0.18,0.15,0.23,0.01,0.47,0.53,0.03,0.01,0.02,0,0.01,0.63,0,0.01,0.29,0.01,0.02,0,0.01,0.64,0.01,0.01,0.3,0.79,0.18,0.66,0.34,N/A,N/A,N/A,N/A,N/A,0,0.19,0.38,0.37,0.15,0.04,0.03,0.01,0.01,0
SD,HC.gov,G,All,"6,305",$788 ,$226 ,0.02,0.95,0.01,0,0,0,0.01,0.95,$593 ,$200 ,0.25,0.08,0.15,0.16,0.14,0.22,0,0.47,0.53,0.03,0.01,0.02,0,0.01,0.67,0,0.02,0.25,0.01,0.02,0,0.01,0.68,0,0.02,0.26,0.84,0.13,0.59,0.41,N/A,N/A,N/A,N/A,N/A,0,0.01,0.01,0.05,0.36,0.22,0.18,0.08,0.08,0.02
TN,HC.gov,B,All,"223,916",$578 ,$78 ,0.66,0.93,0,0,0,0,0,0.93,$540 ,$43 ,0.07,0.08,0.17,0.2,0.22,0.25,0.01,0.52,0.48,0.04,0,0.02,0,0.03,0.27,0,0.01,0.62,0,0.02,0,0.03,0.3,0.01,0.01,0.64,0.56,0.39,0.33,0.67,N/A,N/A,N/A,N/A,N/A,0.02,0.32,0.37,0.16,0.16,0.1,0.09,0.04,0.04,0.03
TN,HC.gov,S,All,"316,386",$648 ,$57 ,0.58,0.97,0.93,0.04,0.16,0.73,0,0.97,$610 ,$38 ,0.07,0.1,0.18,0.21,0.21,0.22,0.01,0.49,0.51,0.07,0,0.02,0,0.04,0.25,0,0.01,0.6,0,0.02,0,0.04,0.29,0.01,0.01,0.63,0.53,0.4,0.26,0.74,N/A,N/A,N/A,N/A,N/A,0.02,0.6,0.72,0.16,0.04,0.02,0.02,0.01,0.01,0.01
TN,HC.gov,G,All,"14,399",$749 ,$348 ,0.07,0.79,0,0,0,0,0,0.79,$509 ,$245 ,0.09,0.09,0.2,0.18,0.19,0.24,0.01,0.47,0.53,0.05,0,0.03,0,0.05,0.53,0.01,0.02,0.31,0,0.03,0,0.05,0.56,0.01,0.02,0.33,0.76,0.19,0.25,0.75,N/A,N/A,N/A,N/A,N/A,0.04,0.06,0.07,0.05,0.28,0.18,0.15,0.06,0.09,0.09
TX,HC.gov,B,All,"570,001",$483 ,$75 ,0.65,0.91,0.01,0,0,0,0.01,0.91,$449 ,$38 ,0.13,0.1,0.16,0.19,0.19,0.21,0.01,0.51,0.49,0.15,0.01,0.06,0,0.04,0.17,0,0.01,0.56,0.01,0.06,0,0.04,0.25,0.01,0.01,0.62,0.45,0.4,0.12,0.88,N/A,N/A,N/A,N/A,N/A,0.02,0.25,0.29,0.13,0.18,0.12,0.12,0.05,0.05,0.03
TX,HC.gov,S,All,"1,722,670",$593 ,$32 ,0.61,0.99,0.98,0.01,0.11,0.86,0,0.99,$567 ,$25 ,0.11,0.13,0.17,0.19,0.19,0.18,0.03,0.46,0.54,0.19,0,0.05,0,0.05,0.08,0,0,0.63,0,0.05,0,0.05,0.17,0.01,0,0.72,0.32,0.49,0.13,0.87,N/A,N/A,N/A,N/A,N/A,0.02,0.73,0.84,0.11,0.01,0,0,0,0,0
TX,HC.gov,G,All,"1,189,779",$569 ,$65 ,0.62,0.95,0,0,0,0,0,0.95,$528 ,$42 ,0.13,0.11,0.15,0.18,0.2,0.21,0.02,0.48,0.52,0.17,0,0.04,0,0.03,0.13,0,0.01,0.61,0,0.04,0,0.04,0.22,0.01,0.01,0.68,0.36,0.46,0.15,0.85,N/A,N/A,N/A,N/A,N/A,0.02,0.38,0.43,0.19,0.17,0.07,0.05,0.02,0.03,0.02
UT,HC.gov,B,All,"154,242",$443 ,$101 ,0.4,0.92,0.01,0,0,0,0.01,0.91,$375 ,$72 ,0.29,0.11,0.15,0.15,0.14,0.16,0,0.5,0.5,0.07,0.01,0.02,0,0,0.36,0,0.01,0.53,0.01,0.02,0,0,0.38,0.01,0.01,0.56,0.57,0.36,0.17,0.83,N/A,N/A,N/A,N/A,N/A,0,0.02,0.05,0.08,0.25,0.2,0.21,0.08,0.09,0.03
UT,HC.gov,S,All,"203,338",$480 ,$30 ,0.6,0.99,0.96,0.07,0.25,0.65,0,0.99,$455 ,$24 ,0.28,0.14,0.19,0.16,0.11,0.1,0.01,0.48,0.52,0.08,0,0.02,0,0,0.2,0,0.01,0.69,0,0.02,0,0,0.23,0.01,0.01,0.73,0.38,0.54,0.13,0.87,N/A,N/A,N/A,N/A,N/A,0.04,0.24,0.61,0.25,0.07,0.02,0.01,0,0,0
UT,HC.gov,G,All,"8,440",$600 ,$288 ,0.03,0.82,0,0,0,0,0,0.82,$380 ,$223 ,0.28,0.11,0.18,0.16,0.13,0.14,0,0.47,0.53,0.09,0,0.02,0,0.01,0.54,0,0.02,0.31,0,0.02,0,0.01,0.59,0.01,0.02,0.33,0.72,0.2,0.19,0.81,N/A,N/A,N/A,N/A,N/A,0.01,0.01,0.02,0.05,0.3,0.18,0.18,0.08,0.11,0.08
VA,SBM,B,All,"160,289",NR,NR,NR,NR,NR,NR,NR,NR,NR,NR,NR,NR,0.13,0.1,0.14,0.18,0.19,0.25,0.02,NR,NR,NR,NR,NR,NR,NR,NR,NR,NR,NR,NR,NR,NR,NR,NR,NR,NR,NR,NR,NR,NR,NR,N/A,N/A,N/A,N/A,N/A,0.09,0.1,0.21,0.15,0.16,0.11,0.12,0.05,0.05,0.07
VA,SBM,S,All,"138,917",NR,NR,NR,NR,NR,NR,NR,NR,NR,NR,NR,NR,0.1,0.1,0.15,0.18,0.19,0.24,0.05,NR,NR,NR,NR,NR,NR,NR,NR,NR,NR,NR,NR,NR,NR,NR,NR,NR,NR,NR,NR,NR,NR,NR,N/A,N/A,N/A,N/A,N/A,0.04,0.28,0.54,0.3,0.07,0.02,0.01,0,0,0.02
VA,SBM,G,All,"94,941",NR,NR,NR,NR,NR,NR,NR,NR,NR,NR,NR,NR,0.18,0.08,0.13,0.15,0.17,0.28,0.01,NR,NR,NR,NR,NR,NR,NR,NR,NR,NR,NR,NR,NR,NR,NR,NR,NR,NR,NR,NR,NR,NR,NR,N/A,N/A,N/A,N/A,N/A,0.01,0.01,0.03,0.1,0.26,0.16,0.17,0.07,0.09,0.11
VT,SBM,B,All,"9,486",NR,NR,NR,NR,NR,NR,NR,NR,NR,NR,NR,NR,0.08,0.07,0.19,0.2,0.18,0.27,0.01,NR,NR,NR,NR,NR,NR,NR,NR,NR,NR,NR,NR,NR,NR,NR,NR,NR,NR,NR,NR,NR,NR,NR,N/A,N/A,N/A,N/A,N/A,0.01,0.01,0.02,0.08,0.13,0.16,0.27,0.13,0.15,0.05
VT,SBM,S,All,"12,726",NR,NR,NR,NR,NR,NR,NR,NR,NR,NR,NR,NR,0.03,0.1,0.16,0.18,0.2,0.32,0.01,NR,NR,NR,NR,NR,NR,NR,NR,NR,NR,NR,NR,NR,NR,NR,NR,NR,NR,NR,NR,NR,NR,NR,N/A,N/A,N/A,N/A,N/A,0.01,0.05,0.14,0.34,0.22,0.11,0.09,0.04,0.05,0.01
VT,SBM,G,All,"6,251",NR,NR,NR,NR,NR,NR,NR,NR,NR,NR,NR,NR,0.08,0.09,0.1,0.16,0.19,0.38,0.01,NR,NR,NR,NR,NR,NR,NR,NR,NR,NR,NR,NR,NR,NR,NR,NR,NR,NR,NR,NR,NR,NR,NR,N/A,N/A,N/A,N/A,N/A,0.01,0.01,0.03,0.12,0.18,0.15,0.2,0.11,0.15,0.04
WA,SBM,B,All,"96,856",NR,NR,NR,NR,NR,NR,NR,NR,NR,NR,NR,NR,0.1,0.07,0.13,0.16,0.18,0.35,0.01,NR,NR,NR,NR,NR,NR,NR,NR,NR,NR,NR,NR,NR,NR,NR,NR,NR,NR,NR,NR,NR,NR,NR,N/A,N/A,N/A,N/A,N/A,0,0,0.02,0.07,0.1,0.13,0.2,0.1,0.14,0.24
WA,SBM,S,All,"118,852",NR,NR,NR,NR,NR,NR,NR,NR,NR,NR,NR,NR,0.03,0.12,0.19,0.19,0.18,0.26,0.04,NR,NR,NR,NR,NR,NR,NR,NR,NR,NR,NR,NR,NR,NR,NR,NR,NR,NR,NR,NR,NR,NR,NR,N/A,N/A,N/A,N/A,N/A,0.09,0.04,0.17,0.39,0.16,0.04,0.05,0.02,0.03,0.06
WA,SBM,G,All,"56,418",NR,NR,NR,NR,NR,NR,NR,NR,NR,NR,NR,NR,0.09,0.09,0.2,0.2,0.17,0.23,0.01,NR,NR,NR,NR,NR,NR,NR,NR,NR,NR,NR,NR,NR,NR,NR,NR,NR,NR,NR,NR,NR,NR,NR,N/A,N/A,N/A,N/A,N/A,0.02,0,0.01,0.07,0.25,0.1,0.14,0.07,0.11,0.22
WI,HC.gov,B,All,"129,867",$633 ,$185 ,0.29,0.85,0.01,0,0,0,0.01,0.85,$526 ,$128 ,0.08,0.06,0.11,0.14,0.16,0.45,0,0.48,0.52,0.02,0.01,0.02,0,0.01,0.54,0,0.01,0.38,0.01,0.02,0,0.01,0.55,0.01,0.01,0.39,0.74,0.23,0.38,0.62,N/A,N/A,N/A,N/A,N/A,0,0.05,0.07,0.08,0.15,0.14,0.24,0.11,0.14,0.07
WI,HC.gov,S,All,"101,471",$690 ,$74 ,0.42,0.98,0.91,0.08,0.29,0.54,0,0.97,$631 ,$61 ,0.04,0.09,0.16,0.17,0.18,0.35,0.01,0.47,0.53,0.04,0,0.04,0,0.03,0.46,0,0.01,0.42,0,0.04,0,0.03,0.48,0.01,0.01,0.44,0.7,0.27,0.32,0.68,N/A,N/A,N/A,N/A,N/A,0.01,0.39,0.54,0.29,0.08,0.03,0.03,0.01,0.01,0.01
WI,HC.gov,G,All,"32,528",$787 ,$361 ,0.02,0.78,0,0,0,0,0,0.78,$545 ,$285 ,0.11,0.06,0.13,0.15,0.16,0.38,0,0.47,0.53,0.03,0,0.02,0,0.01,0.66,0,0.01,0.26,0,0.02,0,0.01,0.68,0.01,0.01,0.27,0.82,0.15,0.45,0.55,N/A,N/A,N/A,N/A,N/A,0,0.02,0.02,0.05,0.2,0.16,0.23,0.1,0.14,0.11
WV,HC.gov,B,All,"21,498","$1,004 ",$87 ,0.63,0.96,0,0,0,0,0,0.96,$951 ,$57 ,0.06,0.06,0.14,0.2,0.23,0.31,0,0.51,0.49,0.01,0,0.01,0,0.01,0.4,0,0.01,0.56,0,0.01,0,0.01,0.41,0,0.01,0.56,0.64,0.35,0.43,0.57,N/A,N/A,N/A,N/A,N/A,0,0.07,0.25,0.18,0.15,0.11,0.15,0.06,0.08,0.01
WV,HC.gov,S,All,"20,226","$1,167 ",$52 ,0.57,0.99,0.96,0.05,0.34,0.57,0,0.99,"$1,130 ",$37 ,0.03,0.08,0.15,0.21,0.23,0.28,0.01,0.46,0.54,0.01,0,0.02,0,0.01,0.4,0,0.01,0.54,0,0.02,0,0.01,0.4,0,0.01,0.55,0.61,0.37,0.45,0.55,N/A,N/A,N/A,N/A,N/A,0.01,0.15,0.57,0.34,0.05,0.01,0.01,0,0,0
WV,HC.gov,G,All,"9,256","$1,286 ",$334 ,0.03,0.94,0,0,0,0,0,0.94,"$1,017 ",$283 ,0.08,0.07,0.14,0.15,0.21,0.35,0,0.45,0.55,0.01,0,0.02,0,0.01,0.73,0,0.01,0.22,0,0.02,0,0.01,0.73,0,0.01,0.22,0.84,0.15,0.41,0.59,N/A,N/A,N/A,N/A,N/A,0,0.01,0.02,0.09,0.27,0.17,0.21,0.09,0.12,0.03
WY,HC.gov,B,All,"8,096",$794 ,$164 ,0.41,0.91,0.03,0,0,0,0.03,0.91,$694 ,$103 ,0.16,0.08,0.15,0.16,0.16,0.27,0,0.5,0.5,0.05,0.02,0.01,0,0,0.67,0,0.02,0.22,0.02,0.01,0,0,0.7,0.01,0.02,0.23,0.8,0.15,0.78,0.22,N/A,N/A,N/A,N/A,N/A,0.01,0.02,0.03,0.04,0.09,0.13,0.27,0.15,0.25,0.02
WY,HC.gov,S,All,"9,390","$1,045 ",$46 ,0.44,0.99,0.97,0.02,0.28,0.67,0,0.98,"$1,016 ",$28 ,0.07,0.13,0.2,0.2,0.17,0.23,0.01,0.42,0.58,0.07,0,0.02,0,0,0.64,0,0.02,0.25,0,0.02,0,0.01,0.68,0.01,0.02,0.26,0.75,0.18,0.75,0.25,N/A,N/A,N/A,N/A,N/A,0.01,0.54,0.68,0.28,0.02,0.01,0,0,0,0
WY,HC.gov,G,All,"24,807",$943 ,$131 ,0.46,0.95,0.01,0,0,0,0.01,0.95,$855 ,$93 ,0.18,0.08,0.14,0.16,0.15,0.28,0,0.47,0.53,0.06,0.01,0.01,0,0,0.68,0,0.02,0.22,0.01,0.01,0,0,0.71,0.01,0.02,0.23,0.8,0.15,0.76,0.24,N/A,N/A,N/A,N/A,N/A,0.01,0.05,0.06,0.13,0.27,0.17,0.17,0.08,0.1,0.01
Total,HC.gov,B,All,"5,230,526",$556 ,$102 ,"2,823,914","4,784,022","56,874",0,0,0,"56,874","4,780,374",$497 ,$64 ,"561,082","484,512","815,311","975,203","1,016,926","1,331,724","45,768","2,659,682","2,570,844","372,374","40,690","140,430","1,712","206,971","1,422,041","19,568","49,329","2,977,411","43,077","141,537","2,075","211,797","1,600,663","49,232","57,083","3,125,062","2,741,324","2,116,828","1,034,445","4,196,081",N/A,N/A,N/A,N/A,N/A,"63,104","1,096,611","1,449,444","825,139","883,880","589,380","651,281","265,125","322,402","180,771"
Total,HC.gov,S,All,"9,043,201",$621 ,$50 ,"4,646,739","8,895,354","8,605,986","353,374","1,494,335","6,754,804","3,473","8,882,026",$582 ,$39 ,"887,063","1,050,797","1,524,889","1,764,791","1,748,053","1,874,523","193,085","4,223,694","4,819,507","1,097,409","6,731","324,228","2,535","488,236","1,559,401","35,594","47,484","5,481,583","9,413","325,938","3,239","497,476","2,050,420","103,481","57,759","5,995,475","3,781,635","4,164,157","1,534,271","7,508,930",N/A,N/A,N/A,N/A,N/A,"151,024","4,944,911","6,654,631","1,503,795","358,199","129,486","112,496","40,481","48,386","44,703"
Total,HC.gov,G,All,"2,040,145",$629 ,$157 ,"856,498","1,845,403","4,000",0,0,0,"4,000","1,844,811",$522 ,$108 ,"280,376","194,894","312,485","372,468","389,527","466,462","23,933","978,903","1,061,242","267,169","4,145","73,965",805,"77,266","548,604","8,625","19,352","1,040,214","5,502","74,758",966,"79,734","682,839","27,143","23,665","1,145,538","1,021,418","751,558","398,541","1,641,604",N/A,N/A,N/A,N/A,N/A,"32,024","519,603","598,750","316,885","396,944","213,908","201,956","82,817","113,344","83,517"
Total,SBM,B,All,"1,467,627",NR,NR,NR,NR,NR,NR,NR,NR,NR,NR,NR,NR,"157,033","119,366","240,704","248,846","262,228","421,449","17,997",NR,NR,NR,NR,NR,NR,NR,NR,NR,NR,NR,NR,NR,NR,NR,NR,NR,NR,NR,NR,NR,NR,NR,N/A,N/A,N/A,N/A,N/A,"25,654","36,177","70,936","132,566","222,294","228,455","280,131","122,390","154,147","194,501"
Total,SBM,S,All,"2,633,208",NR,NR,NR,NR,NR,NR,NR,NR,NR,NR,NR,NR,"148,991","252,102","452,459","449,106","499,613","764,965","65,967",NR,NR,NR,NR,NR,NR,NR,NR,NR,NR,NR,NR,NR,NR,NR,NR,NR,NR,NR,NR,NR,NR,NR,N/A,N/A,N/A,N/A,N/A,"91,609","245,613","600,777","783,838","423,329","221,124","220,024","85,574","85,597","97,753"
Total,SBM,G,All,"846,169",NR,NR,NR,NR,NR,NR,NR,NR,NR,NR,NR,NR,"100,466","66,674","131,792","142,360","147,888","247,158","9,827",NR,NR,NR,NR,NR,NR,NR,NR,NR,NR,NR,NR,NR,NR,NR,NR,NR,NR,NR,NR,NR,NR,NR,N/A,N/A,N/A,N/A,N/A,"11,037","12,895","26,865","83,361","162,511","128,297","143,899","63,272","82,221","132,211"
Total,All,B,All,"6,698,153",NR,NR,NR,NR,NR,NR,NR,NR,NR,NR,NR,NR,"718,115","603,878","1,056,015","1,224,049","1,279,154","1,753,173","63,765",NR,NR,NR,NR,NR,NR,NR,NR,NR,NR,NR,NR,NR,NR,NR,NR,NR,NR,NR,NR,NR,NR,NR,N/A,N/A,N/A,N/A,N/A,"88,758","1,132,788","1,520,380","957,705","1,106,174","817,835","931,412","387,515","476,549","375,272"
Total,All,S,All,"11,676,409",NR,NR,NR,NR,NR,NR,NR,NR,NR,NR,NR,NR,"1,036,054","1,302,899","1,977,348","2,213,897","2,247,666","2,639,488","259,052",NR,NR,NR,NR,NR,NR,NR,NR,NR,NR,NR,NR,NR,NR,NR,NR,NR,NR,NR,NR,NR,NR,NR,N/A,N/A,N/A,N/A,N/A,"242,633","5,190,524","7,255,408","2,287,633","781,528","350,610","332,520","126,055","133,983","142,456"
Total,All,G,All,"2,886,314",NR,NR,NR,NR,NR,NR,NR,NR,NR,NR,NR,NR,"380,842","261,568","444,277","514,828","537,415","713,620","33,760",NR,NR,NR,NR,NR,NR,NR,NR,NR,NR,NR,NR,NR,NR,NR,NR,NR,NR,NR,NR,NR,NR,NR,N/A,N/A,N/A,N/A,N/A,"43,061","532,498","625,615","400,246","559,455","342,205","345,855","146,089","195,565","215,728"
AK,HC.gov,All,01-atv,"15,495",$987 ,$209 ,0.25,0.89,0.17,0,0.06,0.05,0.06,0.89,$879 ,$130 ,0.16,0.06,0.14,0.19,0.18,0.27,0.01,0.47,0.53,0.05,0.06,0.05,0,0.01,0.63,0.01,0.04,0.15,0.06,0.05,0,0.01,0.65,0.01,0.04,0.16,0.84,0.11,0.5,0.5,+,0.43,0.11,0.46,+,0.01,0.03,0.07,0.14,0.17,0.14,0.2,0.08,0.13,0.05
AK,HC.gov,All,02-aut,"5,886",$988 ,$297 ,0.25,0.78,0.16,0.01,0.07,0.07,0.02,0.78,$891 ,$119 ,0.14,0.07,0.18,0.19,0.17,0.23,0.02,0.51,0.49,0.05,0.01,0.06,0,0.01,0.59,0.01,0.04,0.22,0.01,0.06,0,0.01,0.61,0.02,0.05,0.24,0.78,0.17,0.49,0.51,+,0.37,0.17,0.46,+,0.01,0.05,0.11,0.17,0.17,0.12,0.14,0.06,0.12,0.1
AK,HC.gov,All,03-new,"6,083",$897 ,$216 ,0.29,0.85,0.19,0,0.09,0.07,0.03,0.85,$804 ,$102 ,0.16,0.1,0.21,0.19,0.15,0.18,0.01,0.48,0.52,0.06,0.02,0.06,0.01,0.02,0.57,0.01,0.04,0.21,0.03,0.06,0.01,0.02,0.59,0.02,0.05,0.23,0.76,0.18,0.49,0.51,+,0.39,0.16,0.45,+,0.02,0.05,0.09,0.19,0.18,0.12,0.17,0.06,0.09,0.09
AL,HC.gov,All,01-atv,"170,472",$762 ,$81 ,0.47,0.98,0.69,0.05,0.14,0.5,0,0.98,$698 ,$68 ,0.02,0.08,0.15,0.21,0.24,0.28,0.01,0.43,0.57,0.03,0,0.05,0,0.13,0.41,0.01,0.01,0.37,0,0.05,0,0.13,0.42,0.01,0.01,0.38,0.72,0.25,0.31,0.69,0,0.21,0.75,0.03,+,0.01,0.48,0.56,0.17,0.1,0.05,0.06,0.02,0.02,0
AL,HC.gov,All,02-aut,"105,451",$691 ,$94 ,0.49,0.94,0.65,0.04,0.11,0.5,0,0.94,$639 ,$56 ,0.03,0.11,0.21,0.23,0.21,0.2,0.01,0.46,0.54,0.02,0,0.01,0,0.13,0.3,0,0.01,0.53,0,0.02,0,0.13,0.3,0.01,0.01,0.54,0.56,0.43,0.31,0.69,0,0.25,0.72,0.03,+,0.02,0.48,0.6,0.17,0.08,0.04,0.04,0.02,0.02,0.01
AL,HC.gov,All,03-new,"110,272",$632 ,$49 ,0.69,0.96,0.68,0.02,0.09,0.57,0,0.96,$607 ,$32 ,0.05,0.13,0.2,0.23,0.22,0.16,0.01,0.49,0.51,0.02,0,0.02,0,0.1,0.22,0,0.01,0.63,0,0.02,0,0.1,0.23,0.01,0.01,0.64,0.51,0.47,0.34,0.66,0.01,0.26,0.71,0.02,+,0.02,0.55,0.64,0.15,0.09,0.03,0.04,0.01,0.01,0.01
AR,HC.gov,All,01-atv,"56,525",$605 ,$130 ,0.26,0.94,0.58,0.09,0.2,0.28,0.01,0.94,$507 ,$103 ,0.12,0.07,0.12,0.17,0.2,0.32,0.01,0.43,0.57,0.04,0.01,0.03,0,0.04,0.44,0,0.01,0.44,0.01,0.03,0,0.04,0.45,0.01,0.01,0.45,0.74,0.22,0.39,0.61,+,0.28,0.68,0.04,+,0,0.08,0.28,0.23,0.17,0.09,0.11,0.04,0.05,0.03
AR,HC.gov,All,02-aut,"46,955",$557 ,$136 ,0.23,0.9,0.64,0.08,0.25,0.3,0.01,0.9,$467 ,$91 ,0.13,0.11,0.17,0.18,0.18,0.22,0.01,0.44,0.56,0.04,0.01,0.02,0,0.05,0.42,0,0.01,0.45,0.01,0.02,0,0.05,0.43,0.01,0.01,0.46,0.65,0.31,0.41,0.59,+,0.2,0.77,0.03,+,0,0.09,0.31,0.29,0.14,0.08,0.07,0.03,0.04,0.04
AR,HC.gov,All,03-new,"53,127",$502 ,$84 ,0.53,0.93,0.68,0.05,0.15,0.48,0,0.93,$451 ,$52 ,0.12,0.12,0.18,0.21,0.2,0.17,0,0.48,0.52,0.03,0,0.01,0,0.05,0.28,0,0.01,0.61,0,0.01,0,0.05,0.29,0.01,0.01,0.62,0.61,0.36,0.4,0.6,+,0.24,0.73,0.03,+,0.01,0.13,0.49,0.2,0.11,0.05,0.05,0.02,0.03,0.03
AZ,HC.gov,All,01-atv,"148,318",$561 ,$133 ,0.37,0.9,0.47,0.08,0.15,0.24,0,0.9,$474 ,$94 ,0.14,0.07,0.11,0.15,0.19,0.33,0.01,0.46,0.54,0.13,0,0.05,0,0.01,0.34,0.01,0.01,0.45,0,0.05,0,0.01,0.39,0.02,0.02,0.5,0.58,0.29,0.1,0.9,0,0.37,0.57,0.06,+,0.01,0.08,0.29,0.19,0.16,0.09,0.1,0.05,0.06,0.05
AZ,HC.gov,All,02-aut,"97,021",$517 ,$138 ,0.36,0.85,0.48,0.06,0.15,0.26,0,0.85,$446 ,$73 ,0.13,0.1,0.16,0.17,0.18,0.24,0.01,0.5,0.5,0.12,0,0.04,0,0.02,0.27,0.01,0.01,0.53,0.01,0.04,0,0.02,0.32,0.02,0.02,0.57,0.47,0.41,0.1,0.9,0,0.36,0.6,0.04,+,0.01,0.06,0.31,0.25,0.14,0.07,0.07,0.03,0.05,0.07
AZ,HC.gov,All,03-new,"102,716",$473 ,$86 ,0.58,0.91,0.51,0.05,0.12,0.33,0,0.91,$426 ,$51 ,0.13,0.11,0.17,0.19,0.19,0.21,0.01,0.5,0.5,0.11,0,0.02,0,0.02,0.2,0,0.01,0.62,0,0.02,0,0.02,0.26,0.02,0.02,0.66,0.42,0.47,0.11,0.89,0,0.38,0.57,0.05,+,0.01,0.11,0.41,0.21,0.14,0.07,0.07,0.03,0.04,0.04
CA,SBM,All,01-atv,"455,635",NR,NR,NR,NR,NR,NR,NR,NR,NR,NR,NR,NR,0.07,0.07,0.15,0.16,0.2,0.34,0.01,NR,NR,NR,NR,NR,NR,NR,NR,NR,NR,NR,NR,NR,NR,NR,NR,NR,NR,NR,NR,NR,NR,NR,NR,0.24,0.64,0.09,NR,0.01,0.03,0.16,0.26,0.15,0.13,0.13,0.06,0.07,0.02
CA,SBM,All,02-aut,"1,022,636",NR,NR,NR,NR,NR,NR,NR,NR,NR,NR,NR,NR,0.07,0.09,0.18,0.17,0.19,0.29,0.01,NR,NR,NR,NR,NR,NR,NR,NR,NR,NR,NR,NR,NR,NR,NR,NR,NR,NR,NR,NR,NR,NR,NR,NR,0.27,0.59,0.09,NR,0.01,0.07,0.17,0.24,0.16,0.13,0.12,0.05,0.07,0.06
CA,SBM,All,03-new,"306,382",NR,NR,NR,NR,NR,NR,NR,NR,NR,NR,NR,NR,0.09,0.14,0.23,0.17,0.17,0.2,0.01,NR,NR,NR,NR,NR,NR,NR,NR,NR,NR,NR,NR,NR,NR,NR,NR,NR,NR,NR,NR,NR,NR,NR,NR,0.26,0.61,0.09,NR,0,0.01,0.11,0.25,0.17,0.13,0.14,0.06,0.07,0.06
CO,SBM,All,01-atv,"110,114",NR,NR,NR,NR,NR,NR,NR,NR,NR,NR,NR,NR,0.12,0.07,0.13,0.16,0.16,0.3,0.06,NR,NR,NR,NR,NR,NR,NR,NR,NR,NR,NR,NR,NR,NR,NR,NR,NR,NR,NR,NR,NR,NR,NR,NR,0.39,0.32,0.29,NR,0.01,0.02,0.07,0.15,0.13,0.13,0.16,0.08,0.13,0.14
CO,SBM,All,02-aut,"78,857",NR,NR,NR,NR,NR,NR,NR,NR,NR,NR,NR,NR,0.11,0.07,0.16,0.18,0.17,0.25,0.06,NR,NR,NR,NR,NR,NR,NR,NR,NR,NR,NR,NR,NR,NR,NR,NR,NR,NR,NR,NR,NR,NR,NR,NR,0.47,0.28,0.24,NR,0.01,0.02,0.05,0.16,0.13,0.12,0.14,0.07,0.1,0.22
CO,SBM,All,03-new,"48,135",NR,NR,NR,NR,NR,NR,NR,NR,NR,NR,NR,NR,0.13,0.1,0.21,0.18,0.15,0.21,0.03,NR,NR,NR,NR,NR,NR,NR,NR,NR,NR,NR,NR,NR,NR,NR,NR,NR,NR,NR,NR,NR,NR,NR,NR,0.34,0.35,0.3,NR,0.01,0.02,0.07,0.16,0.14,0.12,0.15,0.08,0.1,0.17
CT,SBM,All,01-atv,"31,375",NR,NR,NR,NR,NR,NR,NR,NR,NR,NR,NR,NR,0.07,0.09,0.12,0.13,0.19,0.39,0.02,NR,NR,NR,NR,NR,NR,NR,NR,NR,NR,NR,NR,NR,NR,NR,NR,NR,NR,NR,NR,NR,NR,NR,NR,0.26,0.54,0.19,NR,0.02,0.06,0.09,0.16,0.13,0.1,0.16,0.09,0.16,0.09
CT,SBM,All,02-aut,"69,032",NR,NR,NR,NR,NR,NR,NR,NR,NR,NR,NR,NR,0.07,0.1,0.13,0.14,0.18,0.36,0.02,NR,NR,NR,NR,NR,NR,NR,NR,NR,NR,NR,NR,NR,NR,NR,NR,NR,NR,NR,NR,NR,NR,NR,NR,0.31,0.53,0.15,NR,0.02,0.07,0.1,0.16,0.13,0.1,0.15,0.08,0.13,0.13
CT,SBM,All,03-new,"28,593",NR,NR,NR,NR,NR,NR,NR,NR,NR,NR,NR,NR,0.07,0.15,0.19,0.16,0.17,0.25,0.01,NR,NR,NR,NR,NR,NR,NR,NR,NR,NR,NR,NR,NR,NR,NR,NR,NR,NR,NR,NR,NR,NR,NR,NR,0.22,0.55,0.2,NR,0.03,0.08,0.12,0.19,0.15,0.1,0.13,0.07,0.1,0.12
DC,SBM,All,01-atv,"1,460",NR,NR,NR,NR,NR,NR,NR,NR,NR,NR,NR,NR,0.11,0.05,0.28,0.23,0.17,0.16,0,NR,NR,NR,NR,NR,NR,NR,NR,NR,NR,NR,NR,NR,NR,NR,NR,NR,NR,NR,NR,NR,NR,NR,NR,0.35,0.18,0.38,NR,0.03,0,0.01,0.01,0.04,0.05,0.08,0.07,0.06,0.64
DC,SBM,All,02-aut,"10,634",NR,NR,NR,NR,NR,NR,NR,NR,NR,NR,NR,NR,0.11,0.06,0.22,0.24,0.17,0.19,0.02,NR,NR,NR,NR,NR,NR,NR,NR,NR,NR,NR,NR,NR,NR,NR,NR,NR,NR,NR,NR,NR,NR,NR,NR,0.29,0.23,0.27,NR,0.03,0.01,0.01,0.01,0.04,0.03,0.04,0.04,0.04,0.76
DC,SBM,All,03-new,"2,705",NR,NR,NR,NR,NR,NR,NR,NR,NR,NR,NR,NR,0.09,0.08,0.36,0.22,0.14,0.1,0.01,NR,NR,NR,NR,NR,NR,NR,NR,NR,NR,NR,NR,NR,NR,NR,NR,NR,NR,NR,NR,NR,NR,NR,NR,0.35,0.19,0.28,NR,0.03,0.01,0.01,0.03,0.06,0.06,0.07,0.05,0.06,0.62
DE,HC.gov,All,01-atv,"20,364",$763 ,$205 ,0.16,0.92,0.24,0.01,0.11,0.11,0,0.92,$605 ,$168 ,0.13,0.07,0.11,0.15,0.17,0.35,0.02,0.44,0.56,0.06,0,0.09,0,0.07,0.48,0.01,0.02,0.28,0,0.09,0,0.07,0.51,0.01,0.02,0.3,0.76,0.18,0.27,0.73,0,0.27,0.24,0.47,0.01,0.01,0.05,0.15,0.17,0.17,0.13,0.16,0.08,0.11,0.03
DE,HC.gov,All,02-aut,"13,760",$718 ,$225 ,0.07,0.86,0.33,0.03,0.16,0.14,0,0.86,$574 ,$150 ,0.13,0.08,0.16,0.17,0.17,0.26,0.02,0.48,0.52,0.07,0.01,0.05,0,0.1,0.41,0.01,0.01,0.35,0.01,0.05,0,0.11,0.43,0.02,0.02,0.37,0.69,0.24,0.25,0.75,0,0.21,0.37,0.41,0.02,0.01,0.07,0.17,0.24,0.15,0.11,0.12,0.05,0.09,0.06
DE,HC.gov,All,03-new,"10,718",$654 ,$141 ,0.35,0.92,0.29,0.01,0.12,0.15,0,0.92,$561 ,$102 ,0.13,0.1,0.18,0.18,0.17,0.23,0.01,0.47,0.53,0.07,0,0.05,0,0.12,0.29,0.01,0.02,0.44,0,0.05,0,0.12,0.32,0.02,0.02,0.46,0.56,0.37,0.21,0.79,0.01,0.29,0.29,0.4,0.01,0.01,0.09,0.27,0.22,0.16,0.09,0.11,0.05,0.06,0.03
FL,HC.gov,All,01-atv,"2,390,303",$650 ,$63 ,0.45,0.98,0.67,0.01,0.1,0.56,0,0.98,$597 ,$52 ,0.1,0.1,0.14,0.19,0.21,0.24,0.03,0.47,0.53,0.19,0,0.02,0,0.04,0.13,0,0,0.6,0,0.02,0,0.04,0.21,0.01,0,0.7,0.31,0.5,0.03,0.97,0,0.27,0.68,0.05,0,0.01,0.54,0.65,0.14,0.08,0.04,0.04,0.01,0.02,0.01
FL,HC.gov,All,02-aut,"812,170",$612 ,$92 ,0.44,0.94,0.51,0.02,0.07,0.42,0,0.94,$552 ,$57 ,0.09,0.12,0.2,0.2,0.18,0.19,0.02,0.5,0.5,0.1,0,0.01,0,0.05,0.16,0,0.01,0.66,0,0.01,0,0.05,0.21,0.01,0.01,0.71,0.34,0.56,0.04,0.96,0,0.41,0.54,0.05,0,0.01,0.5,0.61,0.16,0.08,0.04,0.04,0.01,0.02,0.02
FL,HC.gov,All,03-new,"1,009,429",$546 ,$49 ,0.63,0.97,0.6,0.01,0.08,0.51,0,0.97,$511 ,$34 ,0.15,0.14,0.19,0.21,0.16,0.14,0.02,0.5,0.5,0.12,0,0.01,0,0.06,0.1,0,0,0.7,0,0.01,0,0.06,0.16,0.01,0.01,0.75,0.27,0.62,0.03,0.97,0,0.32,0.61,0.07,0,0.03,0.56,0.66,0.14,0.08,0.04,0.03,0.01,0.02,0.01
GA,HC.gov,All,01-atv,"675,563",$607 ,$67 ,0.56,0.97,0.66,0.02,0.1,0.55,0,0.97,$559 ,$50 ,0.08,0.1,0.15,0.2,0.23,0.24,0.02,0.47,0.53,0.08,0,0.09,0,0.09,0.16,0,0.01,0.58,0,0.09,0,0.09,0.19,0.01,0.01,0.61,0.57,0.35,0.19,0.81,0,0.25,0.68,0.07,0,0.01,0.56,0.64,0.15,0.06,0.04,0.04,0.02,0.02,0.02
GA,HC.gov,All,02-aut,"278,876",$596 ,$120 ,0.28,0.92,0.62,0.02,0.07,0.54,0,0.92,$516 ,$80 ,0.07,0.13,0.21,0.21,0.19,0.17,0.01,0.49,0.51,0.06,0,0.03,0,0.1,0.16,0,0.01,0.63,0,0.03,0,0.1,0.19,0.01,0.01,0.66,0.46,0.47,0.19,0.81,0,0.27,0.66,0.06,0,0.02,0.52,0.65,0.14,0.06,0.03,0.03,0.01,0.02,0.03
GA,HC.gov,All,03-new,"350,675",$525 ,$55 ,0.66,0.96,0.63,0.01,0.09,0.53,0,0.96,$490 ,$35 ,0.11,0.15,0.19,0.2,0.18,0.15,0.01,0.49,0.51,0.06,0,0.04,0,0.11,0.12,0,0.01,0.67,0,0.04,0,0.11,0.15,0.01,0.01,0.69,0.43,0.51,0.19,0.81,0,0.29,0.65,0.05,0,0.01,0.54,0.63,0.16,0.08,0.04,0.03,0.01,0.02,0.02
HI,HC.gov,All,01-atv,"11,238",$738 ,$238 ,0.11,0.88,0.25,0.02,0.1,0.12,0,0.88,$568 ,$193 ,0.06,0.04,0.09,0.18,0.23,0.38,0.02,0.45,0.55,0.06,0,0.35,0.02,0.01,0.37,0.01,0.11,0.08,0,0.35,0.02,0.01,0.39,0.02,0.12,0.09,0.89,0.05,0.36,0.64,0,0.26,0.26,0.32,0.16,0.03,0.04,0.13,0.2,0.18,0.13,0.15,0.06,0.08,0.03
HI,HC.gov,All,02-aut,"6,823",$679 ,$273 ,0.09,0.75,0.27,0.03,0.1,0.14,0.01,0.75,$539 ,$176 ,0.08,0.06,0.16,0.21,0.2,0.27,0.03,0.47,0.53,0.07,0,0.3,0.03,0.01,0.31,0.02,0.12,0.14,0,0.3,0.03,0.01,0.34,0.03,0.14,0.15,0.83,0.1,0.35,0.65,0.02,0.22,0.3,0.3,0.16,0.05,0.07,0.15,0.21,0.14,0.1,0.13,0.05,0.08,0.08
HI,HC.gov,All,03-new,"4,109",$612 ,$235 ,0.14,0.79,0.27,0.02,0.1,0.14,0.01,0.79,$479 ,$166 ,0.09,0.08,0.19,0.2,0.19,0.23,0.01,0.48,0.52,0.08,0,0.29,0.03,0.01,0.29,0.02,0.11,0.17,0.01,0.29,0.03,0.01,0.32,0.03,0.13,0.18,0.78,0.14,0.33,0.67,0.02,0.31,0.27,0.24,0.15,0.05,0.05,0.14,0.19,0.17,0.12,0.14,0.05,0.09,0.05
IA,HC.gov,All,01-atv,"50,477",$621 ,$136 ,0.31,0.92,0.26,0.01,0.12,0.13,0,0.92,$529 ,$106 ,0.07,0.06,0.12,0.16,0.17,0.41,0.01,0.46,0.54,0.02,0,0.02,0,0.01,0.59,0,0.01,0.35,0,0.02,0,0.01,0.6,0.01,0.01,0.36,0.78,0.2,0.52,0.48,0,0.39,0.27,0.35,+,0,0.04,0.16,0.18,0.16,0.12,0.19,0.08,0.08,0.03
IA,HC.gov,All,02-aut,"33,404",$582 ,$152 ,0.3,0.86,0.29,0.02,0.12,0.16,0,0.86,$500 ,$95 ,0.08,0.09,0.17,0.18,0.18,0.3,0.01,0.5,0.5,0.03,0,0.02,0,0.01,0.5,0,0.01,0.43,0,0.02,0,0.01,0.51,0.01,0.01,0.44,0.67,0.3,0.5,0.5,0,0.36,0.31,0.33,+,0.01,0.05,0.21,0.22,0.14,0.1,0.13,0.06,0.07,0.06
IA,HC.gov,All,03-new,"27,542",$525 ,$100 ,0.49,0.9,0.38,0.01,0.11,0.26,0,0.9,$474 ,$64 ,0.09,0.11,0.18,0.2,0.18,0.24,0.01,0.5,0.5,0.03,0,0.02,0,0.02,0.4,0,0.01,0.52,0,0.02,0,0.02,0.41,0.01,0.01,0.53,0.64,0.33,0.45,0.55,0,0.36,0.39,0.25,+,0.01,0.08,0.32,0.2,0.13,0.08,0.11,0.05,0.05,0.04
ID,SBM,All,01-atv,"23,266",NR,NR,NR,NR,NR,NR,NR,NR,NR,NR,NR,NR,0.24,0.11,0.14,0.14,0.14,0.22,0,NR,NR,NR,NR,NR,NR,NR,NR,NR,NR,NR,NR,NR,NR,NR,NR,NR,NR,NR,NR,NR,NR,NR,NR,0.39,0.53,0.08,NR,0.05,0.03,0.09,0.26,0.23,0.12,0.13,0.04,0.04,0.04
ID,SBM,All,02-aut,"62,148",NR,NR,NR,NR,NR,NR,NR,NR,NR,NR,NR,NR,0.23,0.09,0.12,0.15,0.15,0.26,0,NR,NR,NR,NR,NR,NR,NR,NR,NR,NR,NR,NR,NR,NR,NR,NR,NR,NR,NR,NR,NR,NR,NR,NR,0.58,0.31,0.11,NR,0.02,0.03,0.08,0.22,0.22,0.14,0.13,0.05,0.04,0.1
ID,SBM,All,03-new,"18,369",NR,NR,NR,NR,NR,NR,NR,NR,NR,NR,NR,NR,0.23,0.12,0.17,0.15,0.13,0.19,0,NR,NR,NR,NR,NR,NR,NR,NR,NR,NR,NR,NR,NR,NR,NR,NR,NR,NR,NR,NR,NR,NR,NR,NR,0.47,0.38,0.13,NR,0.01,0.02,0.07,0.21,0.22,0.15,0.15,0.06,0.05,0.07
IL,HC.gov,All,01-atv,"186,428",$733 ,$197 ,0.18,0.92,0.47,0.06,0.17,0.24,0,0.92,$583 ,$162 ,0.07,0.07,0.14,0.16,0.19,0.35,0.01,0.46,0.54,0.07,0,0.1,0,0.03,0.49,0.01,0.01,0.29,0,0.1,0,0.03,0.52,0.01,0.01,0.32,0.74,0.19,0.16,0.84,0,0.38,0.54,0.08,0,0.01,0.08,0.25,0.2,0.14,0.09,0.14,0.06,0.07,0.03
IL,HC.gov,All,02-aut,"95,949",$692 ,$243 ,0.16,0.82,0.41,0.06,0.16,0.19,0,0.82,$549 ,$158 ,0.07,0.08,0.2,0.18,0.18,0.28,0.02,0.5,0.5,0.08,0,0.08,0,0.04,0.46,0.01,0.01,0.31,0,0.08,0,0.04,0.49,0.02,0.01,0.34,0.69,0.23,0.14,0.86,0,0.39,0.52,0.09,0,0.02,0.08,0.22,0.22,0.13,0.09,0.12,0.05,0.07,0.07
IL,HC.gov,All,03-new,"116,437",$570 ,$133 ,0.41,0.91,0.53,0.04,0.15,0.35,0,0.91,$482 ,$95 ,0.09,0.12,0.22,0.19,0.17,0.2,0.01,0.51,0.49,0.08,0,0.06,0,0.05,0.28,0.01,0.01,0.52,0,0.06,0,0.05,0.31,0.02,0.01,0.55,0.54,0.38,0.1,0.9,0,0.36,0.58,0.06,0,0.02,0.12,0.38,0.2,0.12,0.07,0.09,0.04,0.05,0.03
IN,HC.gov,All,01-atv,"134,626",$560 ,$139 ,0.38,0.9,0.45,0.05,0.13,0.26,0,0.9,$466 ,$99 ,0.09,0.07,0.13,0.19,0.2,0.31,0.01,0.49,0.51,0.03,0,0.05,0,0.02,0.37,0,0.01,0.52,0,0.05,0,0.02,0.39,0.01,0.01,0.53,0.69,0.27,0.24,0.76,+,0.42,0.56,0.03,+,0,0.11,0.35,0.2,0.11,0.09,0.1,0.05,0.06,0.04
IN,HC.gov,All,02-aut,"71,094",$539 ,$168 ,0.25,0.83,0.43,0.05,0.13,0.25,0,0.83,$447 ,$90 ,0.09,0.09,0.17,0.19,0.19,0.25,0.01,0.5,0.5,0.03,0,0.02,0,0.03,0.37,0,0.01,0.54,0,0.02,0,0.03,0.38,0.01,0.01,0.55,0.57,0.4,0.26,0.74,+,0.41,0.56,0.03,+,0,0.06,0.33,0.23,0.1,0.08,0.08,0.04,0.05,0.09
IN,HC.gov,All,03-new,"90,052",$484 ,$85 ,0.58,0.92,0.56,0.04,0.13,0.39,0,0.92,$434 ,$51 ,0.11,0.11,0.18,0.21,0.2,0.2,0.01,0.51,0.49,0.03,0,0.02,0,0.04,0.23,0,0.01,0.66,0,0.02,0,0.04,0.25,0.01,0.01,0.68,0.48,0.49,0.23,0.77,+,0.35,0.63,0.03,+,0.01,0.15,0.46,0.22,0.1,0.06,0.06,0.02,0.03,0.03
KS,HC.gov,All,01-atv,"85,913",$672 ,$115 ,0.42,0.95,0.51,0.02,0.11,0.37,0.01,0.95,$588 ,$89 ,0.08,0.08,0.14,0.19,0.2,0.31,0.01,0.47,0.53,0.05,0,0.04,0,0.02,0.41,0,0.01,0.46,0.01,0.04,0,0.02,0.44,0.01,0.02,0.47,0.67,0.28,0.37,0.63,0,0.36,0.52,0.12,+,0.01,0.37,0.45,0.16,0.11,0.09,0.09,0.03,0.04,0.02
KS,HC.gov,All,02-aut,"40,115",$631 ,$136 ,0.33,0.9,0.56,0.02,0.1,0.43,0.01,0.9,$552 ,$79 ,0.08,0.12,0.19,0.21,0.17,0.21,0.01,0.49,0.51,0.06,0.01,0.02,0,0.02,0.34,0,0.01,0.54,0.01,0.02,0,0.02,0.36,0.01,0.02,0.56,0.51,0.43,0.38,0.62,0,0.3,0.6,0.1,+,0.02,0.39,0.51,0.17,0.1,0.06,0.06,0.02,0.03,0.03
KS,HC.gov,All,03-new,"45,348",$563 ,$80 ,0.57,0.94,0.54,0.01,0.09,0.43,0.01,0.94,$517 ,$51 ,0.11,0.14,0.18,0.2,0.18,0.19,0.01,0.5,0.5,0.06,0,0.02,0,0.03,0.28,0,0.01,0.59,0,0.02,0,0.03,0.31,0.01,0.02,0.61,0.51,0.43,0.36,0.64,0,0.36,0.56,0.08,+,0.02,0.4,0.51,0.16,0.1,0.07,0.06,0.02,0.03,0.02
KY,SBM,All,01-atv,"10,560",NR,NR,NR,NR,NR,NR,NR,NR,NR,NR,NR,NR,0.1,0.06,0.12,0.15,0.17,0.38,0.01,NR,NR,NR,NR,NR,NR,NR,NR,NR,NR,NR,NR,NR,NR,NR,NR,NR,NR,NR,NR,NR,NR,NR,NR,0.44,0.48,0.08,NR,0.01,0.03,0.11,0.22,0.2,0.13,0.14,0.05,0.05,0.11
KY,SBM,All,02-aut,"45,997",NR,NR,NR,NR,NR,NR,NR,NR,NR,NR,NR,NR,0.08,0.07,0.12,0.16,0.19,0.36,0.01,NR,NR,NR,NR,NR,NR,NR,NR,NR,NR,NR,NR,NR,NR,NR,NR,NR,NR,NR,NR,NR,NR,NR,NR,0.45,0.46,0.09,NR,0.01,0.04,0.11,0.24,0.19,0.12,0.11,0.04,0.03,0.15
KY,SBM,All,03-new,"18,760",NR,NR,NR,NR,NR,NR,NR,NR,NR,NR,NR,NR,0.07,0.11,0.19,0.18,0.18,0.26,0,NR,NR,NR,NR,NR,NR,NR,NR,NR,NR,NR,NR,NR,NR,NR,NR,NR,NR,NR,NR,NR,NR,NR,NR,0.29,0.61,0.09,NR,0.01,0.04,0.14,0.29,0.19,0.11,0.1,0.03,0.03,0.1
LA,HC.gov,All,01-atv,"80,677",$759 ,$96 ,0.51,0.97,0.46,0.04,0.13,0.29,0,0.97,$681 ,$81 ,0.07,0.06,0.13,0.2,0.22,0.31,0.01,0.47,0.53,0.03,0,0.05,0,0.08,0.33,0,0.01,0.5,0,0.05,0,0.08,0.34,0.01,0.01,0.51,0.63,0.34,0.19,0.81,+,0.43,0.5,0.07,+,0,0.1,0.4,0.2,0.11,0.1,0.09,0.04,0.04,0.01
LA,HC.gov,All,02-aut,"62,841",$708 ,$118 ,0.51,0.93,0.49,0.04,0.16,0.29,0,0.93,$636 ,$72 ,0.08,0.09,0.17,0.21,0.19,0.24,0.01,0.5,0.5,0.02,0,0.03,0,0.07,0.22,0,0.01,0.65,0,0.03,0,0.07,0.23,0.01,0.01,0.66,0.44,0.54,0.18,0.82,+,0.38,0.56,0.06,+,0,0.1,0.38,0.28,0.1,0.07,0.07,0.03,0.03,0.02
LA,HC.gov,All,03-new,"68,975",$655 ,$57 ,0.71,0.97,0.43,0.02,0.09,0.33,0,0.97,$616 ,$41 ,0.08,0.1,0.17,0.23,0.21,0.2,0.01,0.51,0.49,0.02,0,0.02,0,0.07,0.15,0,0.01,0.73,0,0.02,0,0.07,0.16,0.01,0.01,0.74,0.43,0.55,0.2,0.8,+,0.51,0.45,0.04,+,0.01,0.16,0.54,0.21,0.1,0.05,0.05,0.02,0.02,0.01
MA,SBM,All,01-atv,"49,276",NR,NR,NR,NR,NR,NR,NR,NR,NR,NR,NR,NR,0.06,0.09,0.18,0.19,0.19,0.27,0.02,NR,NR,NR,NR,NR,NR,NR,NR,NR,NR,NR,NR,NR,NR,NR,NR,NR,NR,NR,NR,NR,NR,NR,NR,0.1,0.86,0.03,NR,0.06,0.04,0.08,0.17,0.17,0.12,0.16,0.07,0.06,0.12
MA,SBM,All,02-aut,"196,010",NR,NR,NR,NR,NR,NR,NR,NR,NR,NR,NR,NR,0.04,0.09,0.19,0.21,0.2,0.25,0.02,NR,NR,NR,NR,NR,NR,NR,NR,NR,NR,NR,NR,NR,NR,NR,NR,NR,NR,NR,NR,NR,NR,NR,NR,0.09,0.88,0.03,NR,0.07,0.05,0.1,0.19,0.19,0.12,0.1,0.04,0.06,0.13
MA,SBM,All,03-new,"65,913",NR,NR,NR,NR,NR,NR,NR,NR,NR,NR,NR,NR,0.08,0.16,0.23,0.2,0.16,0.16,0.01,NR,NR,NR,NR,NR,NR,NR,NR,NR,NR,NR,NR,NR,NR,NR,NR,NR,NR,NR,NR,NR,NR,NR,NR,0.09,0.88,0.02,NR,0.07,0.06,0.12,0.2,0.17,0.12,0.14,0.05,0.04,0.08
MD,SBM,All,01-atv,"33,919",NR,NR,NR,NR,NR,NR,NR,NR,NR,NR,NR,NR,0.05,0.08,0.14,0.17,0.2,0.3,0.05,NR,NR,NR,NR,NR,NR,NR,NR,NR,NR,NR,NR,NR,NR,NR,NR,NR,NR,NR,NR,NR,NR,NR,NR,0.25,0.24,0.49,NR,0.09,0.04,0.1,0.19,0.16,0.11,0.16,0.06,0.05,0.09
MD,SBM,All,02-aut,"123,756",NR,NR,NR,NR,NR,NR,NR,NR,NR,NR,NR,NR,0.06,0.09,0.18,0.18,0.18,0.26,0.05,NR,NR,NR,NR,NR,NR,NR,NR,NR,NR,NR,NR,NR,NR,NR,NR,NR,NR,NR,NR,NR,NR,NR,NR,0.23,0.26,0.48,NR,0.11,0.05,0.1,0.2,0.15,0.08,0.09,0.03,0.04,0.19
MD,SBM,All,03-new,"56,220",NR,NR,NR,NR,NR,NR,NR,NR,NR,NR,NR,NR,0.07,0.15,0.23,0.19,0.16,0.18,0.03,NR,NR,NR,NR,NR,NR,NR,NR,NR,NR,NR,NR,NR,NR,NR,NR,NR,NR,NR,NR,NR,NR,NR,NR,0.24,0.27,0.46,NR,0.1,0.04,0.09,0.2,0.15,0.09,0.1,0.04,0.03,0.2
ME,SBM,All,01-atv,"19,528",NR,NR,NR,NR,NR,NR,NR,NR,NR,NR,NR,NR,0.14,0.06,0.11,0.15,0.17,0.37,0.01,NR,NR,NR,NR,NR,NR,NR,NR,NR,NR,NR,NR,NR,NR,NR,NR,NR,NR,NR,NR,NR,NR,NR,NR,0.45,0.46,0.08,NR,0.04,0.03,0.08,0.16,0.17,0.14,0.22,0.09,0.1,0.02
ME,SBM,All,02-aut,"32,813",NR,NR,NR,NR,NR,NR,NR,NR,NR,NR,NR,NR,0.11,0.06,0.13,0.16,0.18,0.35,0.01,NR,NR,NR,NR,NR,NR,NR,NR,NR,NR,NR,NR,NR,NR,NR,NR,NR,NR,NR,NR,NR,NR,NR,NR,0.46,0.42,0.09,NR,0.03,0.03,0.07,0.18,0.17,0.11,0.16,0.06,0.07,0.14
ME,SBM,All,03-new,"10,245",NR,NR,NR,NR,NR,NR,NR,NR,NR,NR,NR,NR,0.11,0.07,0.2,0.17,0.16,0.28,0,NR,NR,NR,NR,NR,NR,NR,NR,NR,NR,NR,NR,NR,NR,NR,NR,NR,NR,NR,NR,NR,NR,NR,NR,0.42,0.45,0.1,NR,0.04,0.02,0.07,0.16,0.16,0.12,0.17,0.08,0.1,0.11
MI,HC.gov,All,01-atv,"195,516",$552 ,$143 ,0.27,0.92,0.42,0.06,0.13,0.22,0,0.92,$445 ,$114 ,0.12,0.07,0.12,0.15,0.18,0.36,0.01,0.48,0.52,0.02,0,0.03,0,0.02,0.44,0.01,0.01,0.47,0,0.03,0,0.02,0.45,0.01,0.01,0.48,0.68,0.3,0.23,0.77,0,0.46,0.48,0.06,+,0.01,0.07,0.26,0.19,0.17,0.11,0.13,0.05,0.05,0.03
MI,HC.gov,All,02-aut,"112,285",$517 ,$163 ,0.31,0.84,0.39,0.06,0.12,0.2,0,0.84,$423 ,$97 ,0.1,0.09,0.18,0.17,0.17,0.27,0.01,0.52,0.48,0.02,0,0.02,0,0.03,0.39,0.01,0.01,0.52,0,0.02,0,0.03,0.4,0.01,0.01,0.53,0.6,0.38,0.22,0.78,0,0.47,0.48,0.04,+,0.01,0.06,0.26,0.23,0.15,0.1,0.1,0.04,0.06,0.06
MI,HC.gov,All,03-new,"110,299",$459 ,$99 ,0.47,0.92,0.45,0.04,0.12,0.29,0,0.91,$394 ,$70 ,0.11,0.1,0.19,0.18,0.18,0.22,0.01,0.52,0.48,0.03,0,0.03,0,0.04,0.29,0.01,0.01,0.59,0,0.03,0,0.04,0.31,0.01,0.01,0.6,0.57,0.41,0.18,0.82,0.01,0.44,0.49,0.06,+,0.01,0.11,0.39,0.2,0.14,0.08,0.08,0.03,0.04,0.03
MN,SBM,All,01-atv,"15,663",NR,NR,NR,NR,NR,NR,NR,NR,NR,NR,NR,NR,0.14,0.07,0.12,0.15,0.16,0.37,0,NR,NR,NR,NR,NR,NR,NR,NR,NR,NR,NR,NR,NR,NR,NR,NR,NR,NR,NR,NR,NR,NR,NR,NR,0.41,0.39,0.18,NR,0,0,0,0,0.18,0.16,0.21,0.09,0.08,0.28
MN,SBM,All,02-aut,"83,132",NR,NR,NR,NR,NR,NR,NR,NR,NR,NR,NR,NR,0.12,0.07,0.12,0.14,0.15,0.4,0.01,NR,NR,NR,NR,NR,NR,NR,NR,NR,NR,NR,NR,NR,NR,NR,NR,NR,NR,NR,NR,NR,NR,NR,NR,0.49,0.3,0.19,NR,0,0,0,0,0.16,0.13,0.18,0.07,0.07,0.38
MN,SBM,All,03-new,"36,206",NR,NR,NR,NR,NR,NR,NR,NR,NR,NR,NR,NR,0.13,0.1,0.19,0.16,0.14,0.28,0,NR,NR,NR,NR,NR,NR,NR,NR,NR,NR,NR,NR,NR,NR,NR,NR,NR,NR,NR,NR,NR,NR,NR,NR,0.44,0.33,0.19,NR,0,0,0,0,0.21,0.16,0.18,0.07,0.07,0.3
MO,HC.gov,All,01-atv,"180,002",$686 ,$96 ,0.48,0.95,0.5,0.04,0.15,0.31,0,0.95,$621 ,$71 ,0.07,0.07,0.13,0.19,0.21,0.32,0.01,0.49,0.51,0.02,0,0.03,0,0.02,0.34,0,0.01,0.58,0,0.03,0,0.02,0.35,0,0.01,0.58,0.67,0.31,0.34,0.66,0,0.41,0.55,0.04,+,0,0.13,0.41,0.22,0.11,0.06,0.09,0.03,0.04,0.02
MO,HC.gov,All,02-aut,"85,764",$637 ,$104 ,0.45,0.91,0.53,0.04,0.13,0.35,0,0.91,$587 ,$54 ,0.07,0.1,0.18,0.21,0.2,0.24,0.01,0.5,0.5,0.02,0,0.02,0,0.03,0.32,0,0.01,0.59,0,0.02,0,0.03,0.33,0.01,0.01,0.6,0.55,0.43,0.33,0.67,0,0.36,0.61,0.02,+,0.01,0.12,0.43,0.27,0.1,0.05,0.06,0.02,0.03,0.03
MO,HC.gov,All,03-new,"93,603",$592 ,$72 ,0.62,0.95,0.46,0.02,0.11,0.33,0,0.95,$548 ,$48 ,0.1,0.11,0.18,0.21,0.2,0.2,0.01,0.51,0.49,0.02,0,0.02,0,0.03,0.23,0,0.01,0.69,0,0.02,0,0.03,0.24,0.01,0.01,0.69,0.47,0.51,0.32,0.68,0,0.47,0.48,0.05,+,0.01,0.15,0.46,0.23,0.12,0.05,0.07,0.02,0.03,0.02
MS,HC.gov,All,01-atv,"142,275",$645 ,$30 ,0.67,0.99,0.72,0.03,0.09,0.6,0,0.99,$621 ,$24 ,0.04,0.09,0.15,0.22,0.25,0.25,0.01,0.46,0.54,0.01,0,0.02,0,0.1,0.12,0,0,0.74,0,0.02,0,0.1,0.13,0.01,0,0.74,0.65,0.34,0.65,0.35,+,0.25,0.74,0.01,+,0,0.67,0.75,0.15,0.05,0.02,0.02,0,0,0
MS,HC.gov,All,02-aut,"61,379",$612 ,$58 ,0.52,0.96,0.67,0.04,0.1,0.53,0,0.96,$578 ,$33 ,0.05,0.13,0.18,0.21,0.2,0.21,0.01,0.44,0.56,0.01,0,0.01,0,0.13,0.16,0,0,0.67,0,0.01,0,0.14,0.16,0.01,0,0.68,0.5,0.49,0.63,0.37,+,0.26,0.73,0.01,+,0.01,0.57,0.7,0.16,0.06,0.03,0.02,0.01,0.01,0.01
MS,HC.gov,All,03-new,"82,756",$570 ,$29 ,0.73,0.98,0.71,0.03,0.08,0.6,0,0.98,$551 ,$20 ,0.07,0.15,0.18,0.22,0.21,0.17,0,0.48,0.52,0.01,0,0.01,0,0.11,0.11,0,0,0.74,0,0.01,0,0.11,0.12,0,0,0.75,0.49,0.5,0.62,0.38,+,0.25,0.74,0.01,+,0.01,0.63,0.73,0.16,0.05,0.02,0.02,0,0,0.01
MT,HC.gov,All,01-atv,"32,914",$643 ,$165 ,0.25,0.91,0.27,0.04,0.13,0.08,0.02,0.9,$530 ,$128 ,0.12,0.06,0.13,0.17,0.17,0.34,0,0.46,0.54,0.02,0.02,0.01,0,0,0.7,0,0.02,0.23,0.02,0.01,0,0,0.71,0.01,0.02,0.24,0.86,0.12,0.75,0.25,0,0.62,0.28,0.1,+,0,0.02,0.09,0.17,0.16,0.15,0.2,0.09,0.1,0.03
MT,HC.gov,All,02-aut,"17,769",$596 ,$194 ,0.3,0.82,0.28,0.04,0.12,0.09,0.03,0.81,$498 ,$106 ,0.13,0.09,0.18,0.19,0.16,0.24,0.01,0.51,0.49,0.03,0.03,0.01,0,0,0.62,0,0.02,0.28,0.03,0.01,0,0,0.64,0.01,0.03,0.29,0.78,0.19,0.74,0.26,0,0.58,0.31,0.11,+,0,0.05,0.13,0.21,0.15,0.14,0.15,0.06,0.08,0.07
MT,HC.gov,All,03-new,"15,653",$530 ,$121 ,0.39,0.9,0.36,0.03,0.16,0.15,0.02,0.9,$456 ,$85 ,0.16,0.11,0.2,0.19,0.15,0.18,0,0.5,0.5,0.03,0.01,0.01,0,0,0.56,0,0.02,0.36,0.01,0.01,0,0,0.58,0.01,0.02,0.37,0.68,0.29,0.71,0.29,0.01,0.54,0.37,0.08,+,0.01,0.07,0.2,0.21,0.16,0.12,0.14,0.06,0.07,0.03
NC,HC.gov,All,01-atv,"520,788",$628 ,$73 ,0.56,0.97,0.48,0.02,0.1,0.36,0,0.97,$574 ,$58 ,0.09,0.08,0.14,0.19,0.22,0.26,0.01,0.47,0.53,0.11,0,0.04,0,0.05,0.3,0,0.01,0.49,0,0.04,0,0.05,0.35,0.01,0.01,0.54,0.59,0.31,0.25,0.75,0,0.43,0.49,0.08,+,0.02,0.3,0.47,0.16,0.12,0.07,0.08,0.03,0.04,0.01
NC,HC.gov,All,02-aut,"288,807",$614 ,$95 ,0.4,0.93,0.54,0.02,0.08,0.44,0,0.93,$560 ,$59 ,0.08,0.1,0.2,0.2,0.2,0.21,0.01,0.49,0.51,0.05,0,0.02,0,0.07,0.28,0,0.01,0.56,0,0.02,0,0.07,0.3,0.01,0.01,0.59,0.56,0.39,0.27,0.73,0,0.36,0.58,0.06,+,0.01,0.43,0.54,0.15,0.1,0.06,0.06,0.02,0.03,0.02
NC,HC.gov,All,03-new,"218,335",$555 ,$61 ,0.65,0.96,0.48,0.01,0.08,0.38,0,0.96,$517 ,$43 ,0.11,0.12,0.2,0.2,0.19,0.18,0.01,0.5,0.5,0.06,0,0.02,0,0.06,0.2,0,0.01,0.64,0,0.02,0,0.06,0.23,0.01,0.01,0.66,0.46,0.48,0.25,0.75,0,0.44,0.49,0.07,+,0.02,0.28,0.5,0.18,0.12,0.06,0.06,0.03,0.03,0.01
ND,HC.gov,All,01-atv,"21,019",$538 ,$127 ,0.29,0.92,0.24,0.01,0.14,0.07,0.01,0.92,$446 ,$102 ,0.24,0.07,0.12,0.15,0.13,0.28,0,0.48,0.52,0.02,0.01,0.02,0,0.01,0.6,0,0.01,0.31,0.01,0.02,0,0.01,0.61,0.01,0.02,0.32,0.82,0.16,0.65,0.35,0.01,0.38,0.23,0.38,+,0.01,0.02,0.07,0.21,0.18,0.13,0.19,0.08,0.1,0.02
ND,HC.gov,All,02-aut,"10,502",$513 ,$149 ,0.3,0.85,0.27,0.02,0.12,0.09,0.04,0.85,$430 ,$94 ,0.23,0.09,0.16,0.17,0.13,0.21,0.01,0.52,0.48,0.02,0.04,0.01,0,0.02,0.56,0,0.02,0.33,0.04,0.01,0,0.02,0.57,0.01,0.02,0.34,0.77,0.21,0.64,0.36,0.01,0.38,0.27,0.34,+,0.01,0.05,0.13,0.23,0.17,0.12,0.15,0.06,0.09,0.05
ND,HC.gov,All,03-new,"7,014",$476 ,$124 ,0.33,0.89,0.28,0.01,0.15,0.11,0.02,0.88,$398 ,$93 ,0.23,0.11,0.2,0.17,0.11,0.19,0,0.49,0.51,0.04,0.02,0.03,0,0.04,0.49,0,0.02,0.35,0.02,0.03,0,0.04,0.52,0.01,0.02,0.36,0.7,0.26,0.52,0.48,0.02,0.37,0.27,0.35,+,0.02,0.05,0.11,0.21,0.19,0.13,0.15,0.07,0.09,0.03
NE,HC.gov,All,01-atv,"71,040",$690 ,$123 ,0.33,0.96,0.26,0.02,0.1,0.15,0,0.96,$591 ,$102 ,0.19,0.08,0.12,0.17,0.17,0.27,0,0.49,0.51,0.04,0,0.02,0,0.01,0.48,0,0.01,0.44,0,0.02,0,0.01,0.49,0.01,0.01,0.46,0.69,0.27,0.54,0.46,0,0.63,0.27,0.1,+,0,0.05,0.17,0.15,0.2,0.14,0.17,0.06,0.08,0.02
NE,HC.gov,All,02-aut,"20,710",$670 ,$136 ,0.42,0.91,0.34,0.02,0.1,0.21,0.01,0.91,$586 ,$84 ,0.13,0.1,0.18,0.19,0.17,0.22,0.01,0.51,0.49,0.05,0.01,0.02,0,0.03,0.42,0,0.01,0.47,0.01,0.02,0,0.03,0.44,0.01,0.01,0.49,0.61,0.34,0.41,0.59,0,0.57,0.36,0.07,+,0.01,0.08,0.26,0.22,0.16,0.11,0.11,0.04,0.05,0.03
NE,HC.gov,All,03-new,"26,132",$616 ,$101 ,0.44,0.94,0.39,0.01,0.1,0.27,0,0.94,$546 ,$74 ,0.18,0.12,0.17,0.19,0.17,0.17,0.01,0.51,0.49,0.06,0,0.02,0,0.02,0.36,0,0.01,0.53,0,0.02,0,0.02,0.38,0.01,0.01,0.55,0.58,0.36,0.41,0.59,0,0.48,0.39,0.13,+,0.01,0.1,0.3,0.18,0.17,0.11,0.11,0.05,0.05,0.02
NH,HC.gov,All,01-atv,"29,901",$483 ,$207 ,0.16,0.76,0.3,0.06,0.15,0.09,0,0.75,$366 ,$142 ,0.08,0.06,0.12,0.16,0.17,0.39,0.01,0.45,0.55,0.03,0,0.04,0,0,0.65,0.01,0.01,0.27,0,0.04,0,0.01,0.66,0.01,0.01,0.28,0.84,0.13,0.44,0.56,0,0.34,0.44,0.22,+,0.01,0.03,0.1,0.17,0.14,0.11,0.18,0.09,0.11,0.11
NH,HC.gov,All,02-aut,"21,507",$440 ,$214 ,0.19,0.66,0.32,0.06,0.14,0.12,0,0.65,$346 ,$110 ,0.09,0.09,0.18,0.17,0.17,0.29,0.01,0.49,0.51,0.03,0,0.02,0,0,0.56,0.01,0.01,0.37,0,0.02,0,0.01,0.57,0.01,0.01,0.38,0.71,0.26,0.41,0.59,0.01,0.34,0.48,0.17,+,0.01,0.04,0.14,0.17,0.12,0.09,0.13,0.07,0.09,0.18
NH,HC.gov,All,03-new,"13,709",$408 ,$169 ,0.23,0.75,0.34,0.04,0.15,0.15,0,0.74,$322 ,$103 ,0.11,0.1,0.2,0.19,0.17,0.23,0.01,0.49,0.51,0.04,0,0.03,0,0.01,0.53,0,0.01,0.36,0,0.03,0,0.01,0.55,0.01,0.02,0.38,0.71,0.25,0.41,0.59,0.01,0.34,0.42,0.23,+,0.01,0.05,0.17,0.18,0.15,0.1,0.15,0.07,0.08,0.09
NJ,SBM,All,01-atv,"60,592",NR,NR,NR,NR,NR,NR,NR,NR,NR,NR,NR,NR,0.08,0.09,0.17,0.17,0.19,0.29,0.02,NR,NR,NR,NR,NR,NR,NR,NR,NR,NR,NR,NR,NR,NR,NR,NR,NR,NR,NR,NR,NR,NR,NR,NR,0.13,0.86,0.01,NR,0.04,0.06,0.17,0.23,0.17,0.11,0.13,0.05,0.05,0.05
NJ,SBM,All,02-aut,"236,431",NR,NR,NR,NR,NR,NR,NR,NR,NR,NR,NR,NR,0.08,0.08,0.16,0.16,0.19,0.3,0.03,NR,NR,NR,NR,NR,NR,NR,NR,NR,NR,NR,NR,NR,NR,NR,NR,NR,NR,NR,NR,NR,NR,NR,NR,0.16,0.83,0.02,NR,0.04,0.12,0.19,0.21,0.14,0.1,0.14,0.06,0.06,0.07
NJ,SBM,All,03-new,"100,919",NR,NR,NR,NR,NR,NR,NR,NR,NR,NR,NR,NR,0.09,0.12,0.22,0.18,0.18,0.19,0.02,NR,NR,NR,NR,NR,NR,NR,NR,NR,NR,NR,NR,NR,NR,NR,NR,NR,NR,NR,NR,NR,NR,NR,NR,0.22,0.77,0.01,NR,0.05,0.06,0.16,0.21,0.16,0.11,0.14,0.06,0.06,0.05
NM,SBM,All,01-atv,"20,654",NR,NR,NR,NR,NR,NR,NR,NR,NR,NR,NR,NR,0.09,0.07,0.1,0.14,0.19,0.4,0.02,NR,NR,NR,NR,NR,NR,NR,NR,NR,NR,NR,NR,NR,NR,NR,NR,NR,NR,NR,NR,NR,NR,NR,NR,0.04,0.25,0.72,NR,0.02,0.06,0.11,0.19,0.17,0.13,0.16,0.07,0.07,0.08
NM,SBM,All,02-aut,"24,470",NR,NR,NR,NR,NR,NR,NR,NR,NR,NR,NR,NR,0.09,0.07,0.12,0.15,0.19,0.36,0.02,NR,NR,NR,NR,NR,NR,NR,NR,NR,NR,NR,NR,NR,NR,NR,NR,NR,NR,NR,NR,NR,NR,NR,NR,0.05,0.2,0.74,NR,0.01,0.08,0.12,0.19,0.17,0.12,0.12,0.05,0.06,0.16
NM,SBM,All,03-new,"11,348",NR,NR,NR,NR,NR,NR,NR,NR,NR,NR,NR,NR,0.11,0.11,0.18,0.16,0.17,0.26,0.01,NR,NR,NR,NR,NR,NR,NR,NR,NR,NR,NR,NR,NR,NR,NR,NR,NR,NR,NR,NR,NR,NR,NR,NR,0.03,0.3,0.66,NR,0.02,0.07,0.13,0.21,0.17,0.13,0.13,0.05,0.05,0.11
NV,SBM,All,01-atv,"22,965",NR,NR,NR,NR,NR,NR,NR,NR,NR,NR,NR,NR,0.16,0.07,0.1,0.15,0.18,0.3,0.03,NR,NR,NR,NR,NR,NR,NR,NR,NR,NR,NR,NR,NR,NR,NR,NR,NR,NR,NR,NR,NR,NR,NR,NR,0.24,0.73,0.02,NR,0.03,0.12,0.31,0.23,0.17,0.08,0.07,0.03,0.02,0.05
NV,SBM,All,02-aut,"50,794",NR,NR,NR,NR,NR,NR,NR,NR,NR,NR,NR,NR,0.15,0.07,0.12,0.16,0.18,0.3,0.02,NR,NR,NR,NR,NR,NR,NR,NR,NR,NR,NR,NR,NR,NR,NR,NR,NR,NR,NR,NR,NR,NR,NR,NR,0.43,0.51,0.05,NR,0.02,0.13,0.21,0.22,0.16,0.1,0.09,0.04,0.04,0.12
NV,SBM,All,03-new,"25,553",NR,NR,NR,NR,NR,NR,NR,NR,NR,NR,NR,NR,0.15,0.09,0.17,0.18,0.17,0.22,0.02,NR,NR,NR,NR,NR,NR,NR,NR,NR,NR,NR,NR,NR,NR,NR,NR,NR,NR,NR,NR,NR,NR,NR,NR,0.35,0.6,0.05,NR,0.03,0.05,0.18,0.22,0.2,0.1,0.1,0.04,0.03,0.1
NY,SBM,All,01-atv,"88,241",NR,NR,NR,NR,NR,NR,NR,NR,NR,NR,NR,NR,0.03,0.11,0.16,0.18,0.2,0.31,0.01,NR,NR,NR,NR,NR,NR,NR,NR,NR,NR,NR,NR,NR,NR,NR,NR,NR,NR,NR,NR,NR,NR,NR,NR,NR,NR,NR,NR,NR,NR,NR,NR,NR,NR,NR,NR,NR,NR
NY,SBM,All,02-aut,"162,218",NR,NR,NR,NR,NR,NR,NR,NR,NR,NR,NR,NR,0.04,0.07,0.18,0.18,0.2,0.32,0.02,NR,NR,NR,NR,NR,NR,NR,NR,NR,NR,NR,NR,NR,NR,NR,NR,NR,NR,NR,NR,NR,NR,NR,NR,NR,NR,NR,NR,NR,NR,NR,NR,NR,NR,NR,NR,NR,NR
NY,SBM,All,03-new,"38,222",NR,NR,NR,NR,NR,NR,NR,NR,NR,NR,NR,NR,0.03,0.11,0.27,0.19,0.16,0.21,0.01,NR,NR,NR,NR,NR,NR,NR,NR,NR,NR,NR,NR,NR,NR,NR,NR,NR,NR,NR,NR,NR,NR,NR,NR,NR,NR,NR,NR,NR,NR,NR,NR,NR,NR,NR,NR,NR,NR
OH,HC.gov,All,01-atv,"219,367",$611 ,$142 ,0.42,0.91,0.34,0.05,0.1,0.19,0,0.91,$516 ,$96 ,0.09,0.07,0.13,0.17,0.19,0.35,0.01,0.5,0.5,0.02,0,0.03,0,0.03,0.39,0,0.01,0.52,0,0.03,0,0.03,0.4,0.01,0.01,0.53,0.71,0.27,0.21,0.79,0,0.55,0.4,0.05,+,0,0.1,0.32,0.19,0.15,0.09,0.1,0.04,0.05,0.05
OH,HC.gov,All,02-aut,"116,533",$592 ,$184 ,0.26,0.83,0.38,0.05,0.12,0.22,0,0.83,$492 ,$88 ,0.09,0.09,0.17,0.17,0.17,0.29,0.01,0.51,0.49,0.02,0,0.02,0,0.04,0.36,0,0.01,0.54,0,0.02,0,0.04,0.37,0.01,0.01,0.55,0.58,0.4,0.2,0.8,0.01,0.49,0.46,0.05,+,0.01,0.07,0.3,0.23,0.13,0.08,0.08,0.03,0.04,0.1
OH,HC.gov,All,03-new,"141,893",$527 ,$89 ,0.59,0.92,0.45,0.03,0.1,0.33,0,0.92,$476 ,$53 ,0.1,0.11,0.18,0.2,0.2,0.21,0.01,0.52,0.48,0.02,0,0.02,0,0.05,0.24,0,0.01,0.67,0,0.02,0,0.05,0.25,0.01,0.01,0.67,0.47,0.51,0.2,0.8,0.01,0.46,0.49,0.04,+,0.01,0.14,0.44,0.22,0.12,0.06,0.06,0.02,0.03,0.04
OK,HC.gov,All,01-atv,"133,624",$652 ,$73 ,0.58,0.98,0.48,0.01,0.09,0.24,0.13,0.98,$592 ,$60 ,0.11,0.08,0.13,0.21,0.21,0.25,0.01,0.48,0.52,0.05,0.1,0.03,0,0.02,0.25,0,0.03,0.52,0.1,0.03,0,0.02,0.28,0.01,0.03,0.54,0.65,0.3,0.45,0.55,0,0.49,0.36,0.15,+,0.01,0.15,0.41,0.23,0.15,0.08,0.06,0.02,0.02,0.01
OK,HC.gov,All,02-aut,"75,025",$637 ,$112 ,0.42,0.94,0.53,0.02,0.1,0.25,0.16,0.93,$566 ,$70 ,0.11,0.11,0.18,0.21,0.18,0.19,0.01,0.48,0.52,0.04,0.12,0.02,0,0.02,0.24,0,0.03,0.52,0.13,0.02,0,0.02,0.26,0.01,0.04,0.54,0.54,0.42,0.46,0.54,0,0.45,0.4,0.14,+,0.01,0.14,0.4,0.27,0.14,0.08,0.05,0.02,0.02,0.02
OK,HC.gov,All,03-new,"68,787",$587 ,$55 ,0.68,0.97,0.5,0.01,0.09,0.34,0.05,0.97,$550 ,$39 ,0.12,0.11,0.16,0.22,0.2,0.18,0.01,0.5,0.5,0.04,0.04,0.02,0,0.02,0.19,0,0.02,0.67,0.04,0.02,0,0.02,0.21,0.01,0.02,0.69,0.46,0.5,0.4,0.6,0,0.41,0.46,0.13,+,0.01,0.17,0.5,0.22,0.12,0.06,0.04,0.02,0.02,0.01
OR,HC.gov,All,01-atv,"83,751",$693 ,$233 ,0.14,0.84,0.26,0.07,0.12,0.06,0.01,0.84,$547 ,$178 ,0.08,0.05,0.11,0.17,0.2,0.39,0.01,0.43,0.57,0.05,0,0.07,0,0.01,0.63,0.01,0.03,0.21,0.01,0.07,0,0.01,0.65,0.01,0.03,0.23,0.84,0.1,0.23,0.77,+,0.46,0.37,0.17,+,0,0.01,0.06,0.15,0.15,0.12,0.21,0.1,0.14,0.06
OR,HC.gov,All,02-aut,"31,798",$632 ,$258 ,0.15,0.72,0.28,0.06,0.12,0.08,0.01,0.71,$524 ,$144 ,0.08,0.07,0.17,0.2,0.2,0.27,0.02,0.48,0.52,0.07,0.01,0.06,0,0.01,0.57,0.01,0.03,0.25,0.01,0.06,0,0.01,0.6,0.02,0.03,0.27,0.77,0.16,0.22,0.78,+,0.43,0.41,0.16,+,0.01,0.03,0.09,0.17,0.14,0.11,0.15,0.08,0.11,0.12
OR,HC.gov,All,03-new,"29,960",$575 ,$198 ,0.18,0.83,0.3,0.07,0.14,0.09,0.01,0.82,$458 ,$142 ,0.1,0.1,0.2,0.19,0.18,0.23,0.01,0.48,0.52,0.08,0,0.06,0,0.01,0.53,0.01,0.03,0.28,0.01,0.06,0,0.02,0.56,0.02,0.03,0.3,0.73,0.2,0.22,0.78,+,0.45,0.39,0.16,+,0.01,0.03,0.1,0.17,0.17,0.12,0.18,0.09,0.11,0.05
PA,SBM,All,01-atv,"77,309",NR,NR,NR,NR,NR,NR,NR,NR,NR,NR,NR,NR,0.07,0.07,0.15,0.17,0.18,0.35,0.01,NR,NR,NR,NR,NR,NR,NR,NR,NR,NR,NR,NR,NR,NR,NR,NR,NR,NR,NR,NR,NR,NR,NR,NR,0.18,0.43,0.38,NR,0.03,0.12,0.25,0.22,0.14,0.09,0.11,0.04,0.05,0.07
PA,SBM,All,02-aut,"267,517",NR,NR,NR,NR,NR,NR,NR,NR,NR,NR,NR,NR,0.06,0.07,0.15,0.16,0.18,0.37,0.01,NR,NR,NR,NR,NR,NR,NR,NR,NR,NR,NR,NR,NR,NR,NR,NR,NR,NR,NR,NR,NR,NR,NR,NR,0.24,0.33,0.43,NR,0.02,0.11,0.18,0.21,0.16,0.11,0.13,0.05,0.06,0.09
PA,SBM,All,03-new,"89,745",NR,NR,NR,NR,NR,NR,NR,NR,NR,NR,NR,NR,0.08,0.11,0.21,0.18,0.17,0.25,0.01,NR,NR,NR,NR,NR,NR,NR,NR,NR,NR,NR,NR,NR,NR,NR,NR,NR,NR,NR,NR,NR,NR,NR,NR,0.24,0.3,0.45,NR,0.03,0.06,0.16,0.22,0.16,0.1,0.13,0.05,0.06,0.09
RI,SBM,All,01-atv,"2,928",NR,NR,NR,NR,NR,NR,NR,NR,NR,NR,NR,NR,0.05,0.07,0.18,0.19,0.2,0.29,0.02,NR,NR,NR,NR,NR,NR,NR,NR,NR,NR,NR,NR,NR,NR,NR,NR,NR,NR,NR,NR,NR,NR,NR,NR,0.23,0.37,0.38,NR,0,0.07,0.11,0.2,0.19,0.15,0.14,0.06,0.06,0.09
RI,SBM,All,02-aut,"23,029",NR,NR,NR,NR,NR,NR,NR,NR,NR,NR,NR,NR,0.04,0.07,0.16,0.18,0.2,0.32,0.03,NR,NR,NR,NR,NR,NR,NR,NR,NR,NR,NR,NR,NR,NR,NR,NR,NR,NR,NR,NR,NR,NR,NR,NR,0.24,0.34,0.39,NR,0,0.1,0.16,0.22,0.16,0.11,0.12,0.05,0.05,0.12
RI,SBM,All,03-new,"10,164",NR,NR,NR,NR,NR,NR,NR,NR,NR,NR,NR,NR,0.05,0.15,0.21,0.18,0.17,0.22,0.01,NR,NR,NR,NR,NR,NR,NR,NR,NR,NR,NR,NR,NR,NR,NR,NR,NR,NR,NR,NR,NR,NR,NR,NR,0.16,0.54,0.29,NR,0,0.14,0.21,0.29,0.15,0.11,0.1,0.03,0.04,0.08
SC,HC.gov,All,01-atv,"307,184",$627 ,$70 ,0.59,0.97,0.42,0.01,0.06,0.35,0,0.97,$575 ,$55 ,0.08,0.08,0.15,0.19,0.22,0.27,0.01,0.48,0.52,0.07,0,0.02,0,0.05,0.25,0.01,0,0.6,0,0.02,0,0.05,0.29,0.01,0.01,0.63,0.59,0.34,0.21,0.79,0,0.52,0.43,0.05,+,0.02,0.44,0.51,0.15,0.11,0.07,0.07,0.03,0.03,0.01
SC,HC.gov,All,02-aut,"126,543",$586 ,$83 ,0.51,0.94,0.45,0.01,0.05,0.38,0,0.93,$539 ,$50 ,0.07,0.13,0.2,0.2,0.19,0.2,0.01,0.49,0.51,0.04,0,0.01,0,0.07,0.21,0,0.01,0.66,0,0.01,0,0.07,0.22,0.01,0.01,0.68,0.45,0.51,0.22,0.78,0,0.49,0.47,0.04,+,0.01,0.45,0.56,0.15,0.1,0.06,0.05,0.02,0.03,0.02
SC,HC.gov,All,03-new,"137,448",$550 ,$56 ,0.67,0.96,0.42,0.01,0.05,0.36,0,0.95,$517 ,$37 ,0.1,0.14,0.19,0.2,0.19,0.18,0.01,0.5,0.5,0.04,0,0.01,0,0.06,0.18,0,0.01,0.7,0,0.01,0,0.06,0.2,0.01,0.01,0.71,0.42,0.55,0.22,0.78,0.01,0.52,0.43,0.04,+,0.02,0.46,0.54,0.16,0.11,0.05,0.05,0.02,0.03,0.01
SD,HC.gov,All,01-atv,"30,112",$721 ,$108 ,0.36,0.97,0.34,0.06,0.15,0.11,0.02,0.97,$632 ,$95 ,0.2,0.08,0.13,0.16,0.14,0.29,0,0.47,0.53,0.02,0.02,0.01,0,0,0.67,0,0.02,0.25,0.02,0.01,0,0,0.68,0,0.02,0.26,0.85,0.12,0.66,0.34,0,0.52,0.35,0.13,+,0,0.04,0.12,0.18,0.22,0.15,0.17,0.08,0.07,0.01
SD,HC.gov,All,02-aut,"13,325",$686 ,$122 ,0.38,0.93,0.5,0.05,0.13,0.27,0.05,0.92,$612 ,$81 ,0.18,0.1,0.19,0.19,0.14,0.19,0.01,0.51,0.49,0.03,0.05,0.01,0,0.01,0.61,0,0.02,0.25,0.05,0.01,0,0.01,0.63,0.01,0.03,0.27,0.79,0.18,0.63,0.37,0.01,0.41,0.5,0.08,+,0.01,0.22,0.31,0.18,0.16,0.11,0.11,0.04,0.06,0.02
SD,HC.gov,All,03-new,"9,537",$626 ,$122 ,0.35,0.94,0.33,0.05,0.15,0.09,0.03,0.94,$539 ,$96 ,0.23,0.12,0.17,0.16,0.13,0.19,0,0.5,0.5,0.04,0.03,0.02,0,0.01,0.59,0,0.02,0.28,0.03,0.02,0,0.02,0.61,0.01,0.02,0.3,0.76,0.2,0.59,0.41,0.01,0.51,0.33,0.15,+,0,0.04,0.11,0.19,0.22,0.15,0.16,0.08,0.08,0.02
TN,HC.gov,All,01-atv,"273,806",$653 ,$71 ,0.59,0.96,0.53,0.03,0.09,0.41,0,0.96,$606 ,$49 ,0.06,0.07,0.15,0.2,0.23,0.27,0.01,0.49,0.51,0.07,0,0.03,0,0.03,0.29,0,0.01,0.56,0,0.03,0,0.03,0.33,0.01,0.01,0.59,0.62,0.3,0.29,0.71,0,0.4,0.57,0.03,+,0.02,0.47,0.55,0.16,0.1,0.06,0.06,0.02,0.03,0.02
TN,HC.gov,All,02-aut,"127,243",$617 ,$97 ,0.5,0.91,0.48,0.03,0.08,0.37,0,0.91,$572 ,$47 ,0.06,0.1,0.2,0.2,0.2,0.22,0.01,0.51,0.49,0.03,0,0.02,0,0.05,0.29,0,0.01,0.6,0,0.02,0,0.05,0.31,0.01,0.01,0.61,0.52,0.45,0.29,0.71,0,0.44,0.54,0.02,+,0.01,0.45,0.56,0.16,0.09,0.06,0.05,0.02,0.03,0.03
TN,HC.gov,All,03-new,"154,054",$573 ,$57 ,0.68,0.95,0.56,0.02,0.09,0.45,0,0.95,$542 ,$34 ,0.08,0.12,0.2,0.21,0.2,0.18,0.01,0.51,0.49,0.04,0,0.02,0,0.05,0.21,0,0.01,0.67,0,0.02,0,0.05,0.23,0.01,0.01,0.69,0.44,0.52,0.28,0.72,0,0.38,0.59,0.03,+,0.02,0.48,0.58,0.16,0.1,0.05,0.04,0.02,0.02,0.02
TX,HC.gov,All,01-atv,"1,821,679",$596 ,$44 ,0.65,0.98,0.5,0,0.05,0.44,0,0.98,$565 ,$33 ,0.11,0.11,0.14,0.18,0.21,0.23,0.03,0.46,0.54,0.2,0,0.06,0,0.04,0.11,0,0,0.57,0,0.06,0,0.04,0.21,0.01,0.01,0.66,0.41,0.39,0.14,0.86,0,0.15,0.5,0.35,+,0.02,0.54,0.62,0.14,0.09,0.05,0.04,0.02,0.02,0.01
TX,HC.gov,All,02-aut,"705,873",$563 ,$80 ,0.4,0.93,0.49,0.02,0.05,0.42,0,0.93,$520 ,$44 ,0.11,0.12,0.2,0.2,0.18,0.17,0.02,0.49,0.51,0.15,0,0.02,0,0.04,0.12,0,0.01,0.65,0,0.02,0,0.04,0.2,0.01,0.01,0.72,0.32,0.53,0.14,0.86,0,0.21,0.52,0.28,+,0.03,0.51,0.6,0.13,0.09,0.05,0.04,0.01,0.02,0.02
TX,HC.gov,All,03-new,"957,080",$513 ,$41 ,0.72,0.96,0.46,0,0.05,0.41,0,0.96,$491 ,$25 ,0.16,0.14,0.18,0.19,0.17,0.14,0.02,0.48,0.52,0.15,0,0.03,0,0.04,0.1,0,0.01,0.66,0,0.03,0,0.04,0.18,0.01,0.01,0.72,0.29,0.55,0.13,0.87,0,0.16,0.46,0.38,+,0.02,0.52,0.6,0.15,0.1,0.04,0.04,0.01,0.02,0.01
UT,HC.gov,All,01-atv,"229,494",$469 ,$63 ,0.5,0.97,0.53,0.04,0.14,0.36,0.01,0.96,$422 ,$49 ,0.3,0.12,0.16,0.16,0.13,0.13,0.01,0.48,0.52,0.07,0,0.02,0,0,0.26,0,0.01,0.64,0,0.02,0,0,0.28,0.01,0.01,0.67,0.47,0.46,0.15,0.85,+,0.43,0.55,0.02,0,0.02,0.15,0.35,0.17,0.15,0.1,0.11,0.04,0.04,0.01
UT,HC.gov,All,02-aut,"59,764",$487 ,$88 ,0.41,0.92,0.49,0.05,0.14,0.29,0.01,0.92,$435 ,$52 ,0.25,0.13,0.2,0.17,0.12,0.12,0.01,0.5,0.5,0.08,0.01,0.02,0,0,0.39,0,0.01,0.49,0.01,0.02,0,0,0.42,0.01,0.01,0.52,0.56,0.36,0.16,0.84,+,0.44,0.53,0.02,0,0.02,0.12,0.33,0.2,0.16,0.1,0.08,0.03,0.04,0.03
UT,HC.gov,All,03-new,"77,681",$450 ,$62 ,0.57,0.95,0.58,0.03,0.13,0.41,0,0.95,$408 ,$43 ,0.27,0.15,0.2,0.16,0.12,0.1,0.01,0.5,0.5,0.09,0,0.01,0,0,0.23,0,0.01,0.64,0,0.01,0,0,0.27,0.02,0.01,0.68,0.4,0.52,0.12,0.88,+,0.36,0.59,0.04,0,0.03,0.14,0.41,0.18,0.13,0.08,0.08,0.03,0.04,0.02
VA,SBM,All,01-atv,"73,105",NR,NR,NR,NR,NR,NR,NR,NR,NR,NR,NR,NR,0.13,0.09,0.12,0.16,0.19,0.27,0.04,NR,NR,NR,NR,NR,NR,NR,NR,NR,NR,NR,NR,NR,NR,NR,NR,NR,NR,NR,NR,NR,NR,NR,NR,0.3,0.45,0.24,NR,0.03,0.12,0.31,0.19,0.16,0.1,0.1,0.04,0.04,0.04
VA,SBM,All,02-aut,"269,924",NR,NR,NR,NR,NR,NR,NR,NR,NR,NR,NR,NR,0.12,0.09,0.15,0.18,0.19,0.25,0.02,NR,NR,NR,NR,NR,NR,NR,NR,NR,NR,NR,NR,NR,NR,NR,NR,NR,NR,NR,NR,NR,NR,NR,NR,0.44,0.33,0.22,NR,0.06,0.17,0.29,0.19,0.14,0.08,0.09,0.04,0.05,0.06
VA,SBM,All,03-new,"57,029",NR,NR,NR,NR,NR,NR,NR,NR,NR,NR,NR,NR,0.16,0.12,0.18,0.16,0.16,0.21,0.02,NR,NR,NR,NR,NR,NR,NR,NR,NR,NR,NR,NR,NR,NR,NR,NR,NR,NR,NR,NR,NR,NR,NR,NR,0.34,0.32,0.31,NR,0.02,0.05,0.18,0.2,0.18,0.1,0.11,0.05,0.05,0.11
VT,SBM,All,01-atv,"2,080",NR,NR,NR,NR,NR,NR,NR,NR,NR,NR,NR,NR,0.09,0.06,0.17,0.2,0.17,0.3,0,NR,NR,NR,NR,NR,NR,NR,NR,NR,NR,NR,NR,NR,NR,NR,NR,NR,NR,NR,NR,NR,NR,NR,NR,0.4,0.35,0.22,NR,0.01,0.01,0.04,0.12,0.15,0.16,0.21,0.12,0.15,0.03
VT,SBM,All,02-aut,"22,965",NR,NR,NR,NR,NR,NR,NR,NR,NR,NR,NR,NR,0.06,0.08,0.14,0.17,0.19,0.34,0.01,NR,NR,NR,NR,NR,NR,NR,NR,NR,NR,NR,NR,NR,NR,NR,NR,NR,NR,NR,NR,NR,NR,NR,NR,0.3,0.43,0.21,NR,0.01,0.03,0.08,0.21,0.18,0.13,0.16,0.08,0.1,0.04
VT,SBM,All,03-new,"4,982",NR,NR,NR,NR,NR,NR,NR,NR,NR,NR,NR,NR,0.07,0.11,0.23,0.18,0.17,0.23,0,NR,NR,NR,NR,NR,NR,NR,NR,NR,NR,NR,NR,NR,NR,NR,NR,NR,NR,NR,NR,NR,NR,NR,NR,0.36,0.41,0.19,NR,0.02,0.02,0.06,0.17,0.17,0.13,0.2,0.1,0.13,0.03
WA,SBM,All,01-atv,"48,973",NR,NR,NR,NR,NR,NR,NR,NR,NR,NR,NR,NR,0.07,0.08,0.15,0.18,0.19,0.3,0.02,NR,NR,NR,NR,NR,NR,NR,NR,NR,NR,NR,NR,NR,NR,NR,NR,NR,NR,NR,NR,NR,NR,NR,NR,0.35,0.43,0.21,NR,0.03,0.02,0.08,0.19,0.15,0.09,0.15,0.07,0.09,0.14
WA,SBM,All,02-aut,"163,708",NR,NR,NR,NR,NR,NR,NR,NR,NR,NR,NR,NR,0.06,0.09,0.16,0.17,0.18,0.31,0.03,NR,NR,NR,NR,NR,NR,NR,NR,NR,NR,NR,NR,NR,NR,NR,NR,NR,NR,NR,NR,NR,NR,NR,NR,0.37,0.44,0.19,NR,0.04,0.02,0.08,0.21,0.15,0.08,0.12,0.06,0.08,0.17
WA,SBM,All,03-new,"59,813",NR,NR,NR,NR,NR,NR,NR,NR,NR,NR,NR,NR,0.08,0.13,0.23,0.2,0.16,0.19,0.02,NR,NR,NR,NR,NR,NR,NR,NR,NR,NR,NR,NR,NR,NR,NR,NR,NR,NR,NR,NR,NR,NR,NR,NR,0.32,0.43,0.24,NR,0.06,0.02,0.08,0.2,0.17,0.09,0.13,0.06,0.08,0.13
WI,HC.gov,All,01-atv,"148,437",$717 ,$170 ,0.26,0.91,0.32,0.03,0.11,0.17,0,0.91,$603 ,$132 ,0.06,0.06,0.11,0.13,0.16,0.48,0,0.46,0.54,0.03,0,0.03,0,0.01,0.58,0,0.01,0.35,0,0.03,0,0.01,0.59,0.01,0.01,0.36,0.79,0.19,0.39,0.61,0,0.51,0.35,0.13,0,0,0.15,0.19,0.15,0.13,0.11,0.18,0.08,0.1,0.04
WI,HC.gov,All,02-aut,"57,285",$646 ,$184 ,0.29,0.84,0.38,0.04,0.11,0.22,0.01,0.84,$554 ,$108 ,0.07,0.08,0.17,0.17,0.18,0.32,0.01,0.51,0.49,0.04,0.01,0.02,0,0.03,0.54,0,0.01,0.36,0.01,0.02,0,0.03,0.55,0.01,0.01,0.37,0.71,0.25,0.36,0.64,0.01,0.44,0.42,0.13,0,0.01,0.18,0.27,0.17,0.12,0.09,0.13,0.05,0.08,0.08
WI,HC.gov,All,03-new,"60,605",$583 ,$139 ,0.41,0.88,0.4,0.02,0.1,0.28,0,0.88,$507 ,$89 ,0.08,0.11,0.18,0.17,0.17,0.28,0,0.5,0.5,0.04,0,0.02,0,0.03,0.41,0,0.01,0.49,0,0.03,0,0.03,0.42,0.01,0.01,0.5,0.62,0.34,0.3,0.7,0.01,0.47,0.42,0.1,0,0.01,0.24,0.33,0.16,0.12,0.08,0.12,0.06,0.07,0.06
WV,HC.gov,All,01-atv,"20,100","$1,189 ",$126 ,0.43,0.98,0.37,0.02,0.14,0.2,0,0.98,"$1,087 ",$107 ,0.05,0.05,0.11,0.18,0.23,0.37,0.01,0.46,0.54,0.01,0,0.02,0,0.01,0.55,0,0.01,0.39,0,0.02,0,0.01,0.56,0,0.01,0.39,0.77,0.22,0.43,0.57,0,0.4,0.38,0.22,+,0,0.07,0.29,0.21,0.14,0.09,0.13,0.06,0.07,0.01
WV,HC.gov,All,02-aut,"13,375","$1,139 ",$154 ,0.43,0.94,0.37,0.03,0.16,0.19,0,0.94,"$1,048 ",$96 ,0.05,0.08,0.15,0.17,0.21,0.32,0.01,0.48,0.52,0.01,0,0.01,0,0.01,0.48,0,0.01,0.46,0,0.01,0,0.01,0.49,0.01,0.01,0.47,0.65,0.33,0.43,0.57,0,0.4,0.41,0.19,+,0,0.06,0.27,0.26,0.14,0.1,0.11,0.04,0.06,0.02
WV,HC.gov,All,03-new,"17,571","$1,024 ",$82 ,0.62,0.98,0.4,0.01,0.1,0.29,0,0.97,$966 ,$61 ,0.05,0.09,0.17,0.23,0.24,0.22,0,0.51,0.49,0.01,0,0.01,0,0.01,0.33,0,0.01,0.62,0,0.01,0,0.01,0.34,0,0.01,0.62,0.56,0.43,0.43,0.57,0,0.45,0.41,0.14,+,0.01,0.14,0.44,0.22,0.12,0.06,0.07,0.03,0.04,0.01
WY,HC.gov,All,01-atv,"24,314",$973 ,$109 ,0.46,0.97,0.21,0,0.06,0.14,0.01,0.97,$896 ,$83 ,0.15,0.08,0.14,0.16,0.16,0.31,0,0.45,0.55,0.05,0.01,0.01,0,0,0.71,0,0.02,0.2,0.01,0.01,0,0,0.74,0.01,0.02,0.21,0.83,0.12,0.79,0.21,+,0.19,0.2,0.6,+,0.01,0.13,0.17,0.13,0.19,0.13,0.17,0.08,0.12,0.01
WY,HC.gov,All,02-aut,"9,118",$921 ,$150 ,0.41,0.91,0.24,0.01,0.05,0.16,0.01,0.91,$850 ,$72 ,0.14,0.1,0.18,0.18,0.15,0.23,0.01,0.48,0.52,0.07,0.01,0.01,0,0.01,0.63,0,0.02,0.25,0.01,0.01,0,0.01,0.67,0.01,0.03,0.26,0.74,0.19,0.73,0.27,+,0.18,0.24,0.58,+,0.01,0.19,0.25,0.17,0.16,0.11,0.12,0.06,0.09,0.02
WY,HC.gov,All,03-new,"8,861",$854 ,$111 ,0.45,0.95,0.26,0,0.08,0.16,0.01,0.95,$783 ,$78 ,0.17,0.12,0.19,0.17,0.14,0.2,0,0.48,0.52,0.07,0.01,0.01,0,0.01,0.61,0,0.02,0.27,0.01,0.01,0,0.01,0.64,0.01,0.03,0.29,0.71,0.22,0.72,0.28,+,0.2,0.25,0.55,+,0.01,0.15,0.19,0.17,0.18,0.12,0.14,0.07,0.11,0.01
Total,HC.gov,All,01-atv,"8,511,722",$632 ,$78 ,"4,254,669","8,209,883","4,641,214","186,986","821,526","3,598,850","33,852","8,202,497",$574 ,$60 ,"860,369","777,259","1,174,274","1,554,196","1,751,096","2,242,392","152,136","3,998,875","4,512,847","1,085,857","26,084","362,678","2,174","367,115","1,955,528","33,473","55,317","4,623,496","28,906","364,503","2,710","373,798","2,452,907","93,269","65,756","5,129,873","4,254,434","3,171,431","1,510,165","7,001,557","7,166","2,610,117","4,795,566","1,084,643","14,230","117,917","3,483,480","4,501,302","1,332,537","866,008","516,063","561,021","225,254","266,949","124,671"
Total,HC.gov,All,02-aut,"3,624,950",$601 ,$112 ,"1,400,405","3,300,686","1,801,825","100,500","322,861","1,357,053","21,411","3,296,358",$538 ,$65 ,"332,884","406,712","698,714","720,628","661,769","746,290","57,953","1,793,769","1,831,181","286,539","17,856","80,069","1,475","181,472","884,422","15,408","31,348","2,126,361","19,455","80,930","1,763","185,496","1,010,943","40,270","36,945","2,249,148","1,675,892","1,662,519","723,302","2,901,648","6,012","1,267,621","1,962,221","382,976","6,120","57,580","1,342,081","1,848,158","625,186","357,367","212,352","203,614","82,098","118,329","120,266"
Total,HC.gov,All,03-new,"4,226,461",$541 ,$61 ,"2,672,078","4,031,302","2,223,852","65,888","349,948","1,798,901","9,115","4,025,437",$504 ,$40 ,"540,161","553,920","797,300","844,460","747,591","690,081","52,948","2,096,707","2,129,754","368,700","7,726","98,105","1,515","227,745","712,852","15,242","31,112","2,763,464","9,772","99,064","1,935","233,727","894,954","47,114","37,676","2,902,219","1,647,667","2,210,094","741,412","3,485,049","10,589","1,352,788","2,285,414","572,526","5,144","78,321","1,737,466","2,356,000","691,920","421,114","208,714","208,194","85,008","103,834","73,356"
Total,SBM,All,01-atv,"1,147,643",NR,NR,NR,NR,NR,NR,NR,NR,NR,NR,NR,NR,"96,456","88,539","164,299","186,238","218,291","368,963","23,965",NR,NR,NR,NR,NR,NR,NR,NR,NR,NR,NR,NR,NR,NR,NR,NR,NR,NR,NR,NR,NR,NR,NR,NR,NR,NR,NR,NR,NR,NR,NR,NR,NR,NR,NR,NR,NR,NR
Total,SBM,All,02-aut,"2,946,071",NR,NR,NR,NR,NR,NR,NR,NR,NR,NR,NR,NR,"234,868","239,706","484,470","499,139","547,255","883,388","58,268",NR,NR,NR,NR,NR,NR,NR,NR,NR,NR,NR,NR,NR,NR,NR,NR,NR,NR,NR,NR,NR,NR,NR,NR,NR,NR,NR,NR,NR,NR,NR,NR,NR,NR,NR,NR,NR,NR
Total,SBM,All,03-new,"989,303",NR,NR,NR,NR,NR,NR,NR,NR,NR,NR,NR,NR,"93,890","124,540","214,955","174,495","162,245","205,748","12,625",NR,NR,NR,NR,NR,NR,NR,NR,NR,NR,NR,NR,NR,NR,NR,NR,NR,NR,NR,NR,NR,NR,NR,NR,NR,NR,NR,NR,NR,NR,NR,NR,NR,NR,NR,NR,NR,NR
Total,All,All,01-atv,"9,659,365",NR,NR,NR,NR,NR,NR,NR,NR,NR,NR,NR,NR,"956,825","865,798","1,338,573","1,740,434","1,969,387","2,611,355","176,101",NR,NR,NR,NR,NR,NR,NR,NR,NR,NR,NR,NR,NR,NR,NR,NR,NR,NR,NR,NR,NR,NR,NR,NR,NR,NR,NR,NR,NR,NR,NR,NR,NR,NR,NR,NR,NR,NR
Total,All,All,02-aut,"6,571,021",NR,NR,NR,NR,NR,NR,NR,NR,NR,NR,NR,NR,"567,752","646,418","1,183,184","1,219,767","1,209,024","1,629,678","116,221",NR,NR,NR,NR,NR,NR,NR,NR,NR,NR,NR,NR,NR,NR,NR,NR,NR,NR,NR,NR,NR,NR,NR,NR,NR,NR,NR,NR,NR,NR,NR,NR,NR,NR,NR,NR,NR,NR
Total,All,All,03-new,"5,215,764",NR,NR,NR,NR,NR,NR,NR,NR,NR,NR,NR,NR,"634,051","678,460","1,012,255","1,018,955","909,836","895,829","65,573",NR,NR,NR,NR,NR,NR,NR,NR,NR,NR,NR,NR,NR,NR,NR,NR,NR,NR,NR,NR,NR,NR,NR,NR,NR,NR,NR,NR,NR,NR,NR,NR,NR,NR,NR,NR,NR,NR
